"Title","Company","Location","Salary","Source","URL","Posted Date","Is Remote"
"Senior/Staff Front-end Engineer","Hypermode","North America","$100","remotejobs.com","https://remotejobs.com/job/20174974-a0fb-8132-a441-e8ead5301896-seniorstaff-front-end-engineer","2025-05-28","Yes"
"Senior Product Marketing Manager","Altium","North America","$100","remotejobs.com","https://remotejobs.com/job/20174974-a0fb-8109-9d6b-db15bc28ef78-senior-product-marketing-manager","2025-05-28","Yes"
"Freelance Ad Designer","GR0","North America","$50","remotejobs.com","https://remotejobs.com/job/20074974-a0fb-812f-8db1-e06ba856fafe-freelance-ad-designer","2025-05-26","Yes"
"Director of Finance Systems","Rula","North America","$100","remotejobs.com","https://remotejobs.com/job/20074974-a0fb-81c6-83e1-d8049d54adff-director-of-finance-systems","2025-05-26","Yes"
"Director of Communications","Carrot Fertility","North America","$100","remotejobs.com","https://remotejobs.com/job/1fc74974-a0fb-81c4-9b3f-d2fc25b365f0-director-of-communications","2025-05-23","Yes"
"QA Engineer","Atticus","North America","$100","remotejobs.com","https://remotejobs.com/job/1fc74974-a0fb-814d-886a-f9f92fa52b66-qa-engineer","2025-05-23","Yes"
"Head of Product Design","Onebrief","North America","$100","remotejobs.com","https://remotejobs.com/job/1fc74974-a0fb-813c-8f7e-dfe2510f663e-head-of-product-design","2025-05-22","Yes"
"Manager, Software Engineering","Samsara","North America","$100","remotejobs.com","https://remotejobs.com/job/1fb74974-a0fb-8187-9e1e-f2e6aa13fb86-manager-software-engineering","2025-05-22","Yes"
"SEO Manager","MongoDB","North America","$100","remotejobs.com","https://remotejobs.com/job/1f974974-a0fb-818b-93f6-c1355a3e2745-seo-manager","2025-05-19","Yes"
"Product Sales, Spend","Airwallex","North America","$100","remotejobs.com","https://remotejobs.com/job/1f674974-a0fb-818e-b693-ea405c6eb6db-product-sales-spend","2025-05-17","Yes"
"Data Platform Engineer","GameChanger","North America","$100","remotejobs.com","https://remotejobs.com/job/1f374974-a0fb-8143-ac89-c40a434201f7-data-platform-engineer","2025-05-14","Yes"
"Services Consultant","Exabeam","North America","$100","remotejobs.com","https://remotejobs.com/job/1f274974-a0fb-818b-aec0-d462d6e77293-services-consultant","2025-05-13","Yes"
"Senior Product Designer","Greenfly","North America","$100","remotejobs.com","https://remotejobs.com/job/1f174974-a0fb-812f-802a-daf99440f374-senior-product-designer","2025-05-12","Yes"
"Billing & Collections Specialist","Pie Insurance","North America","$50","remotejobs.com","https://remotejobs.com/job/1f174974-a0fb-8183-a556-c909c18e0353-billing-and-collections-specialist","2025-05-12","Yes"
"Senior Engineer","Wipfli","North America","$100","remotejobs.com","https://remotejobs.com/job/1ec74974-a0fb-81cb-83e3-db35237e8349-senior-engineer","2025-05-07","Yes"
"Senior Product Designer","Hinge","North America","$100","remotejobs.com","https://remotejobs.com/job/1eb74974-a0fb-81d3-a378-da37539b6a89-senior-product-designer","2025-05-06","Yes"
"Senior Manager of Internal Communications","Upstart","North America","$100","remotejobs.com","https://remotejobs.com/job/1eb74974-a0fb-811e-bfb9-d75bff565c5f-senior-manager-of-internal-communications","2025-05-05","Yes"
"Enterprise Account Executive","NinjaOne","North America","$100","remotejobs.com","https://remotejobs.com/job/1ea74974-a0fb-81d6-acbb-c2a26e46fa2c-enterprise-account-executive","2025-05-04","Yes"
"Full-Stack Software Engineer","Outseta","North America","$100","remotejobs.com","https://remotejobs.com/job/1e474974-a0fb-81fd-a3d0-fddeec951b88-full-stack-software-engineer","2025-05-28","Yes"
"Virtual Assistant - Customer Support for Schools Full Time Betsy HIll • Posted on May 28, 2025 $800 to $1,000","Betsy HIll","Virtual","$800","onlinejobs.ph","https://www.onlinejobs.ph/jobseekers/job/Virtual-Assistant-Customer-Support-for-Schools-1387207","2025-05-28","Yes"
"Now Hiring: Virtual Assistant (Faith-Aligned, Remote – Philippines Preferred) Part Time","Shelly Saturne","Virtual","$4","onlinejobs.ph","https://www.onlinejobs.ph/jobseekers/job/Now-Hiring-Virtual-Assistant-Faith-Aligned-Remote-Philippines-Preferred-1386201","2025-05-28","Yes"
"Social Media Manager (AI-Powered, Viral-Obsessed, Conversion-Focused) Any","Joselina","Remote","","onlinejobs.ph","https://www.onlinejobs.ph/jobseekers/job/Social-Media-Manager-AI-Powered-Viral-Obsessed-Conversion-Focused-1387203","2025-05-28","Yes"
"Customer Service Representive Full Time Stefan • Posted on May 28, 2025 500","Stefan","Virtual","","onlinejobs.ph","https://www.onlinejobs.ph/jobseekers/job/Customer-Service-Representive-1381826","2025-05-28","Yes"
"Local SEO Expert (With Room To Grow) Full Time Nathan • Posted on May 28, 2025 300","Nathan","Virtual","","onlinejobs.ph","https://www.onlinejobs.ph/jobseekers/job/Local-SEO-Expert-With-Room-To-Grow-1387202","2025-05-28","Yes"
"Solar Cold caller / Virtual Assistant Full Time Tarun Kumar • Posted on May 28, 2025 $600","Tarun Kumar","Virtual","$600","onlinejobs.ph","https://www.onlinejobs.ph/jobseekers/job/Solar-Cold-caller-Virtual-Assistant-1387199","2025-05-28","Yes"
"Experienced Executive Virtual Assistant – Recruiting & Lead Generation (Day/Night Shifts) Full Time Timothy • Posted on May 28, 2025 Up to 150,000 php or depends on your experience","Timothy","Virtual","","onlinejobs.ph","https://www.onlinejobs.ph/jobseekers/job/Experienced-Executive-Virtual-Assistant-Recruiting-Lead-Generation-DayNight-Shifts-1354642","2025-05-28","Yes"
"Experienced Amazon Virtual Assistant – Product Sourcing & Ecommerce Private Label Specialist (Day/Night Shifts) Full Time Timothy • Posted on May 28, 2025 Up to 150,000 php","Timothy","Virtual","","onlinejobs.ph","https://www.onlinejobs.ph/jobseekers/job/Experienced-Amazon-Virtual-Assistant-Product-Sourcing-Ecommerce-Private-Label-Specialist-DayNight-Shifts-1354643","2025-05-28","Yes"
"Experienced Executive Virtual Assistant – Amazon Specialist (Day/Night Shifts) Full Time Timothy • Posted on May 28, 2025 Commensurate with experience","Timothy","Virtual","","onlinejobs.ph","https://www.onlinejobs.ph/jobseekers/job/Experienced-Executive-Virtual-Assistant-Amazon-Specialist-DayNight-Shifts-1348403","2025-05-28","Yes"
"Google Ads Virtual Assistant – Advertising Growth Role (Day/Night Shifts) Full Time Timothy • Posted on May 28, 2025 Up to 150,000 php","Timothy","Virtual","","onlinejobs.ph","https://www.onlinejobs.ph/jobseekers/job/Google-Ads-Virtual-Assistant-Advertising-Growth-Role-DayNight-Shifts-1157307","2025-05-28","Yes"
"Instagram VA (Reel Creator/Video Editor) Full Time endless summer • Posted on May 28, 2025 400","endless summer","remote","","onlinejobs.ph","https://www.onlinejobs.ph/jobseekers/job/Instagram-VA-Reel-CreatorVideo-Editor-1387189","2025-05-28","Yes"
"Backend Web Developer – Automation & Integration Full Time","Giulia Avoltini","Remote","","onlinejobs.ph","https://www.onlinejobs.ph/jobseekers/job/Backend-Web-Developer-Automation-Integration-1387184","2025-05-28","Yes"
"Executive Assistant- QuickBooks experience Full Time Therese Anne • Posted on May 28, 2025 1560","Therese Anne","Virtual","$1,560 per month","onlinejobs.ph","https://www.onlinejobs.ph/jobseekers/job/Executive-Assistant-QuickBooks-experience-1387181","2025-05-28","Yes"
"Remote Sales Closer for Impact-Driven Foundation (Commission + Fixed Pay) Any","Joselina","Remote","","onlinejobs.ph","https://www.onlinejobs.ph/jobseekers/job/Remote-Sales-Closer-for-Impact-Driven-Foundation-Commission-Fixed-Pay-1387180","2025-05-28","Yes"
"Finance & Bookkeeping Coordinator – Product business & Property Portfolio Full Time sophie oliver • Posted on May 28, 2025 40,000 PHP per month + paid leave","sophie oliver","Work from home","PHP 40,000","onlinejobs.ph","https://www.onlinejobs.ph/jobseekers/job/Finance-Bookkeeping-Coordinator-Product-business-Property-Portfolio-1387174","2025-05-28","Yes"
"Now Hiring: Creative Director Any Matt Weaver • Posted on May 28, 2025 $1,000 - $1,300 USD","Matt Weaver","Remote","$1,000 - $1,300","onlinejobs.ph","https://www.onlinejobs.ph/jobseekers/job/Now-Hiring-Creative-Director-1387169","2025-05-28","Yes"
"We’re Hiring: Account Manager Full Time Matt Weaver • Posted on May 28, 2025 $800 USD","Matt Weaver","Remote","$800","onlinejobs.ph","https://www.onlinejobs.ph/jobseekers/job/Were-Hiring-Account-Manager-1387167","2025-05-28","Yes"
"We’re Hiring: Remote Google Media Buyer Full Time Matt Weaver • Posted on May 28, 2025 $650 - $850","Matt Weaver","Remote","$650 - $850","onlinejobs.ph","https://www.onlinejobs.ph/jobseekers/job/Were-Hiring-Remote-Google-Media-Buyer-1387163","2025-05-28","Yes"
"Remote Takeoff Estimator (Structural) Any Nina • Posted on May 28, 2025 $4.25 to $4.75/hr","Nina","Remote","$4.25","onlinejobs.ph","https://www.onlinejobs.ph/jobseekers/job/Remote-Takeoff-Estimator-Structural-1387157","2025-05-28","Yes"
"Remote Takeoff Estimator (CIVIL, STRUC, ARCH) Full Time Nina • Posted on May 28, 2025 $4.25 to $4.75/hr","Nina","Remote","$4.25","onlinejobs.ph","https://www.onlinejobs.ph/jobseekers/job/Remote-Takeoff-Estimator-CIVIL-STRUC-ARCH-1387156","2025-05-28","Yes"
"Remote Client Success Manager Full Time Matt Weaver • Posted on May 28, 2025 $850","Matt Weaver","Remote","$850","onlinejobs.ph","https://www.onlinejobs.ph/jobseekers/job/Remote-Client-Success-Manager-1387154","2025-05-28","Yes"
"Remote Takeoff Estimator/Quality Control Rep-Work From Home (STRUCTURAL) Any Nina • Posted on May 28, 2025 $4.25 to $4.75/hr","Nina","Remote","$4.25","onlinejobs.ph","https://www.onlinejobs.ph/jobseekers/job/Remote-Takeoff-EstimatorQuality-Control-Rep-Work-From-Home-STRUCTURAL-1387153","2025-05-28","Yes"
"Remote Takeoff Estimator (CIVIL, STRUC, ARCH) Any Nina • Posted on May 28, 2025 $4.00 to $4.50/hr","Nina","Remote","$4.00","onlinejobs.ph","https://www.onlinejobs.ph/jobseekers/job/Remote-Takeoff-Estimator-CIVIL-STRUC-ARCH-1387150","2025-05-28","Yes"
"Remote Technical Support & Client Success Specialist Full Time Matt Weaver • Posted on May 28, 2025 $800 USD","Matt Weaver","Remote","$800","onlinejobs.ph","https://www.onlinejobs.ph/jobseekers/job/Remote-Technical-Support-Client-Success-Specialist-1387147","2025-05-28","Yes"
"SEO Outreach & Link Building Virtual Assistant Full Time Michael Wong • Posted on May 28, 2025 $4/HR","Michael Wong","Virtual","$4/HR","onlinejobs.ph","https://www.onlinejobs.ph/jobseekers/job/SEO-Outreach-Link-Building-Virtual-Assistant-1376463","2025-05-28","Yes"
"Digital Assistant – SEO & Analytics Full Time Michael Wong • Posted on May 28, 2025 $4/HR","Michael Wong","Virtual","$4/HR","onlinejobs.ph","https://www.onlinejobs.ph/jobseekers/job/Digital-Assistant-SEO-Analytics-1376454","2025-05-28","Yes"
"Virtual Assistant – SEO & Digital Growth Full Time Michael Wong • Posted on May 28, 2025 $4/HR","Michael Wong","Virtual","$4/HR","onlinejobs.ph","https://www.onlinejobs.ph/jobseekers/job/Virtual-Assistant-SEO-Digital-Growth-1376452","2025-05-28","Yes"
"Full-Time SEO Support Specialist Full Time Michael Wong • Posted on May 28, 2025 $4/HR","Michael Wong","Virtual","$4/HR","onlinejobs.ph","https://www.onlinejobs.ph/jobseekers/job/Full-Time-SEO-Support-Specialist-1376451","2025-05-28","Yes"
"SEO Virtual Assistant (Entry-Level) Full Time Michael Wong • Posted on May 28, 2025 $4/HR","Michael Wong","Virtual","$4/HR","onlinejobs.ph","https://www.onlinejobs.ph/jobseekers/job/SEO-Virtual-Assistant-Entry-Level-1376447","2025-05-28","Yes"
"Full-Time Virtual SEO Assistant – Training Provided Full Time Michael Wong • Posted on May 28, 2025 $4/HR","Michael Wong","Virtual","$4/HR","onlinejobs.ph","https://www.onlinejobs.ph/jobseekers/job/Full-Time-Virtual-SEO-Assistant-Training-Provided-1376446","2025-05-28","Yes"
"SEO Virtual Assistant Role Full Time Michael Wong • Posted on May 28, 2025 $4/HR","Michael Wong","Virtual","$4/HR","onlinejobs.ph","https://www.onlinejobs.ph/jobseekers/job/SEO-Virtual-Assistant-Role-1376450","2025-05-28","Yes"
"Virtual assistant Youtube automation channels Gig Tom Van Severen • Posted on May 28, 2025 150","Tom Van Severen","Virtual","","onlinejobs.ph","https://www.onlinejobs.ph/jobseekers/job/Virtual-assistant-Youtube-automation-channels-1386196","2025-05-28","Yes"
"Accounting Manager Full Time","KeepingCount HR","Remote","","onlinejobs.ph","https://www.onlinejobs.ph/jobseekers/job/Accounting-Manager-1356324","2025-05-28","Yes"
"Senior Accountant Full Time","KeepingCount HR","remote","","onlinejobs.ph","https://www.onlinejobs.ph/jobseekers/job/Senior-Accountant-1353922","2025-05-28","Yes"
"Long-Term Twitch Stream Clipper / TikTok Editor Gig Hamada Jr • Posted on May 28, 2025 200$","Hamada Jr","Philippines","","onlinejobs.ph","https://www.onlinejobs.ph/jobseekers/job/Long-Term-Twitch-Stream-Clipper-TikTok-Editor-1386167","2025-05-28","Yes"
"Bilingual Virtual Assistant – Bank Reconciliation, Messaging & Admin (Part-Time) Part Time paola hincapie • Posted on May 28, 2025 84","paola hincapie","Virtual","","onlinejobs.ph","https://www.onlinejobs.ph/jobseekers/job/Bilingual-Virtual-Assistant-Bank-Reconciliation-Messaging-Admin-Part-Time-1386136","2025-05-28","Yes"
"Social Media Sales Expert & Virtual Assistant (UK Market) Full Time Rileagh T Chase • Posted on May 28, 2025 $400/month","Rileagh T Chase","Virtual","$400/month","onlinejobs.ph","https://www.onlinejobs.ph/jobseekers/job/Social-Media-Sales-Expert-Virtual-Assistant-UK-Market-1386098","2025-05-28","Yes"
"Remote Design Assistant- Buildertrend+ Selection Coordinator Part Time Bryan Ladd • Posted on May 28, 2025 500","Bryan Ladd","Remote","","onlinejobs.ph","https://www.onlinejobs.ph/jobseekers/job/Remote-Design-Assistant-Buildertrend-Selection-Coordinator-1386075","2025-05-28","Yes"
"Software developer C# ASP.NET, HTML, java Part Time orlando Rocky Catala • Posted on May 28, 2025 ?34,800 PHP/month)","orlando Rocky Catala","remote","","onlinejobs.ph","https://www.onlinejobs.ph/jobseekers/job/Software-developer-C-ASPNET-HTML-java-1386055","2025-05-28","Yes"
"Remote Design Assistant- Buildertrend+ Selection Coordinator Part Time Bryan Ladd • Posted on May 28, 2025","Bryan Ladd","Remote","","onlinejobs.ph","https://www.onlinejobs.ph/jobseekers/job/Remote-Design-Assistant-Buildertrend-Selection-Coordinator-1386051","2025-05-28","Yes"
"Facebook Marketing Assistant (Organic Poster for Moving Company) Part Time AL Hameed • Posted on May 28, 2025 200$-300$","AL Hameed","virtual","","onlinejobs.ph","https://www.onlinejobs.ph/jobseekers/job/Facebook-Marketing-Assistant-Organic-Poster-for-Moving-Company-1386032","2025-05-28","Yes"
"Remote Sales Representative – Affiliate Program for Car Rentals Full Time Augusto Tauroni • Posted on May 28, 2025 $600-$1500+","Augusto Tauroni","Remote","$600-$1500","onlinejobs.ph","https://www.onlinejobs.ph/jobseekers/job/Remote-Sales-Representative-Affiliate-Program-for-Car-Rentals-1387044","2025-05-28","Yes"
"Marketing Technologist Full Time Derrick Minyard • Posted on May 28, 2025 $1,800 USD Per Month","Derrick Minyard","Remote","$1,800","onlinejobs.ph","https://www.onlinejobs.ph/jobseekers/job/Marketing-Technologist-1387116","2025-05-28","Yes"
"Tiktok Manager Any Yatoya Tolbert • Posted on May 28, 2025 Competitive depending on experience","Yatoya Tolbert","Remote","","onlinejobs.ph","https://www.onlinejobs.ph/jobseekers/job/Tiktok-Manager-1387115","2025-05-28","Yes"
"Remote Patient Monitoring (RPM) Care Coordinator Full Time Behzad Ourmazdi • Posted on May 28, 2025 TBD","Behzad Ourmazdi","Remote","","onlinejobs.ph","https://www.onlinejobs.ph/jobseekers/job/Remote-Patient-Monitoring-RPM-Care-Coordinator-1387111","2025-05-28","Yes"
"VA for Federal Income Tax Lien Research (Skip Tracing + Lead Generation) Any Kevin Jackson • Posted on May 28, 2025 $4–$8/hour OR $50–$80/week depending on experience and volume","Kevin Jackson","Virtual","$4","onlinejobs.ph","https://www.onlinejobs.ph/jobseekers/job/VA-for-Federal-Income-Tax-Lien-Research-Skip-Tracing-Lead-Generation-1387110","2025-05-28","Yes"
"Virtual Assistant (Web Design, Multimedia, & Digital Marketing) Full Time Chris Nolte • Posted on May 28, 2025 $8-$10 depending on skills and experience","Chris Nolte","Virtual","$8-$10","onlinejobs.ph","https://www.onlinejobs.ph/jobseekers/job/Virtual-Assistant-Web-Design-Multimedia-Digital-Marketing-1303567","2025-05-28","Yes"
"Full-Time Sourcing Virtual Assistant (Amazon Online Arbitrage – UK Market) Full Time Renard • Posted on May 28, 2025 Php 25,000","Renard","Virtual","Php 25,000","onlinejobs.ph","https://www.onlinejobs.ph/jobseekers/job/Full-Time-Sourcing-Virtual-Assistant-Amazon-Online-Arbitrage-UK-Market-1387102","2025-05-28","Yes"
"Remote Sales Representative (Web Design) – Base Pay + Commission Full Time Lewy Macknold • Posted on May 28, 2025 ?14,500","Lewy Macknold","Remote","","onlinejobs.ph","https://www.onlinejobs.ph/jobseekers/job/Remote-Sales-Representative-Web-Design-Base-Pay-Commission-1386612","2025-05-28","Yes"
"Talent Application Specialist (Remote VA) Any","Ammar Abdallah","Remote","","onlinejobs.ph","https://www.onlinejobs.ph/jobseekers/job/Talent-Application-Specialist-Remote-VA-1387098","2025-05-28","Yes"
"Video Editor (with Science Background & Strong English) Any","Sam P","Philippines","","onlinejobs.ph","https://www.onlinejobs.ph/jobseekers/job/Video-Editor-with-Science-Background-Strong-English-1387096","2025-05-28","Yes"
"GHL & Meta Ads VA Full Time Brittany Earnhardt • Posted on May 28, 2025 $77,000.00 PHP/Month","Brittany Earnhardt","Virtual","$77,000.00","onlinejobs.ph","https://www.onlinejobs.ph/jobseekers/job/GHL-Meta-Ads-VA-1387079","2025-05-28","Yes"
"AI Automations Expert & Social Media Manager Any","Ana Flores","Remote","","onlinejobs.ph","https://www.onlinejobs.ph/jobseekers/job/AI-Automations-Expert-Social-Media-Manager-1387075","2025-05-28","Yes"
"Database Builder & Web Scraper (WFH) Full Time MP Recruitment • Posted on May 28, 2025 TBA","MP Recruitment","Philippines","","onlinejobs.ph","https://www.onlinejobs.ph/jobseekers/job/Database-Builder-Web-Scraper-WFH-1361251","2025-05-28","Yes"
"Social Engine Marketing (SEM) Specialist at ERES Any","Cheng Sha","Remote","$8/hour","onlinejobs.ph","https://www.onlinejobs.ph/jobseekers/job/Social-Engine-Marketing-SEM-Specialist-at-ERES-1327018","2025-05-28","Yes"
"Remote Front End Developer Full Time","Paige Burnie","Remote","","onlinejobs.ph","https://www.onlinejobs.ph/jobseekers/job/Remote-Front-End-Developer-1386992","2025-05-28","Yes"
"Remote Business Representative for Payment Processing Setup / Earn $200 + $50 per Verification Check Gig Hugo Bartin • Posted on May 28, 2025 $200","Hugo Bartin","Remote","$200","onlinejobs.ph","https://www.onlinejobs.ph/jobseekers/job/Remote-Business-Representative-for-Payment-Processing-Setup-Earn-200-50-per-Verification-Check-1386989","2025-05-28","Yes"
"Remote Reporting Analyst Full Time","Paige Burnie","Remote","","onlinejobs.ph","https://www.onlinejobs.ph/jobseekers/job/Remote-Reporting-Analyst-1386981","2025-05-28","Yes"
"Remote Accountant Full Time","Paige Burnie","Remote","","onlinejobs.ph","https://www.onlinejobs.ph/jobseekers/job/Remote-Accountant-1386978","2025-05-28","Yes"
"Remote Web Designer Full Time","Paige Burnie","Remote","","onlinejobs.ph","https://www.onlinejobs.ph/jobseekers/job/Remote-Web-Designer-1386975","2025-05-28","Yes"
"HARO Writer Full Time AK • Posted on May 28, 2025 per link USD 30","AK","Virtual","USD 30","onlinejobs.ph","https://www.onlinejobs.ph/jobseekers/job/HARO-Writer-915417","2025-05-28","Yes"
"Remote SEO Analyst Full Time","Paige Burnie","Remote","","onlinejobs.ph","https://www.onlinejobs.ph/jobseekers/job/Remote-SEO-Analyst-1386973","2025-05-28","Yes"
"Remote Recruiter Full Time","Paige Burnie","Remote","","onlinejobs.ph","https://www.onlinejobs.ph/jobseekers/job/Remote-Recruiter-1386969","2025-05-28","Yes"
"Sales Development Representative Full Time RGP Recruiting Team • Posted on May 28, 2025 $1,000-$2,000","RGP Recruiting Team","remote","$1,000-$2,000","onlinejobs.ph","https://www.onlinejobs.ph/jobseekers/job/Sales-Development-Representative-1322067","2025-05-28","Yes"
"Google Local Service Ads Manager Any","Adrian","Remote","$5 - $8 / Hour","onlinejobs.ph","https://www.onlinejobs.ph/jobseekers/job/Google-Local-Service-Ads-Manager-1380283","2025-05-28","Yes"
"Off-Page SEO Specialist Full Time","Ria","Philippines","$5/hour","onlinejobs.ph","https://www.onlinejobs.ph/jobseekers/job/Off-Page-SEO-Specialist-1386914","2025-05-28","Yes"
"Part-Time Virtual Assistant – Calls, Leads & Scheduling (Philippines Only) Part Time Kubentro pro cleaning • Posted on May 28, 2025 Php 20,000 – 25,000/month","Kubentro pro cleaning","Virtual","Php 20,000","onlinejobs.ph","https://www.onlinejobs.ph/jobseekers/job/Part-Time-Virtual-Assistant-Calls-Leads-Scheduling-Philippines-Only-1386842","2025-05-28","Yes"
"Mid-Level Full-Stack Dev (n8n Focus) – Internal Tool Builder for E-Com Brands Full Time Martin Luter • Posted on May 28, 2025 $8/ hour","Martin Luter","Philippines","$8/ hour","onlinejobs.ph","https://www.onlinejobs.ph/jobseekers/job/Mid-Level-Full-Stack-Dev-n8n-Focus-Internal-Tool-Builder-for-E-Com-Brands-1386585","2025-05-28","Yes"
"N8n automation expert – Internal Tool Builder for Growing E-commerce Brands Full Time Martin Luter • Posted on May 28, 2025 $8/ hour","Martin Luter","Philippines","$8/ hour","onlinejobs.ph","https://www.onlinejobs.ph/jobseekers/job/N8n-automation-expert-Internal-Tool-Builder-for-Growing-E-commerce-Brands-1386578","2025-05-28","Yes"
"Legal Admin Assistant Any Joy Verano • Posted on May 28, 2025 $800","Joy Verano","Remote","$800","onlinejobs.ph","https://www.onlinejobs.ph/jobseekers/job/Legal-Admin-Assistant-1387187","2025-05-28","Yes"
"Sales Chat VA Full Time Lou • Posted on May 28, 2025 $500+/mo","Lou","Remote","$500","onlinejobs.ph","https://www.onlinejobs.ph/jobseekers/job/Sales-Chat-VA-1387185","2025-05-28","Yes"
"Executive Assistant Full Time Clinton Veinot • Posted on May 28, 2025 $1280-1920 USD","Clinton Veinot","Remote","$1280","onlinejobs.ph","https://www.onlinejobs.ph/jobseekers/job/Executive-Assistant-1387183","2025-05-28","Yes"
"($4/HR+COMISSION) Part-Time Lead/CRM Manager/Follow-Up Specialist (REsimpli Experience REQUIRED) Part Time Alex Gonzalez • Posted on May 28, 2025 $4 /hour + Commission per Sourced/Closed Deal","Alex Gonzalez","Remote","$4/HR","onlinejobs.ph","https://www.onlinejobs.ph/jobseekers/job/4HRCOMISSION-Part-Time-LeadCRM-ManagerFollow-Up-Specialist-REsimpli-Experience-REQUIRED-1387172","2025-05-28","Yes"
"Sales Development Representative (SDR) Full Time Meghan Brown • Posted on May 28, 2025 $800/month","Meghan Brown","Virtual","$800/month","onlinejobs.ph","https://www.onlinejobs.ph/jobseekers/job/Sales-Development-Representative-SDR-1387168","2025-05-28","Yes"
"We’re Hiring: GoHighLevel Tech Assistant Full Time Matt Weaver • Posted on May 28, 2025 $550-$750 USD","Matt Weaver","Remote","$550-$750","onlinejobs.ph","https://www.onlinejobs.ph/jobseekers/job/Were-Hiring-GoHighLevel-Tech-Assistant-1387165","2025-05-28","Yes"
"Podcast & Social Media Assistant (10 hrs/week, Remote) Part Time Sonya • Posted on May 28, 2025 $200","Sonya","Remote","$200","onlinejobs.ph","https://www.onlinejobs.ph/jobseekers/job/Podcast-Social-Media-Assistant-10-hrsweek-Remote-1387164","2025-05-28","Yes"
"Find profitable products online Part Time Uzziel Barrera • Posted on May 28, 2025 $6 hour","Uzziel Barrera","Philippines","$6","onlinejobs.ph","https://www.onlinejobs.ph/jobseekers/job/Find-profitable-products-online-1387162","2025-05-28","Yes"
"Workforce Scheduling Assistant Full Time Luke Terella • Posted on May 28, 2025 60000","Luke Terella","remote","","onlinejobs.ph","https://www.onlinejobs.ph/jobseekers/job/Workforce-Scheduling-Assistant-1387161","2025-05-28","Yes"
"Remote Operations Executive Assistant Full Time Matt Weaver • Posted on May 28, 2025 $800 USD","Matt Weaver","Remote","$800","onlinejobs.ph","https://www.onlinejobs.ph/jobseekers/job/Remote-Operations-Executive-Assistant-1387158","2025-05-28","Yes"
"Social Media VA Full Time Lou • Posted on May 28, 2025 $3/hr","Lou","Virtual","$3/hr","onlinejobs.ph","https://www.onlinejobs.ph/jobseekers/job/Social-Media-VA-1387144","2025-05-28","Yes"
"SEO Administrative Virtual Assistant Full Time Michael Wong • Posted on May 28, 2025 $4/HR","Michael Wong","Virtual","$4/HR","onlinejobs.ph","https://www.onlinejobs.ph/jobseekers/job/SEO-Administrative-Virtual-Assistant-1376462","2025-05-28","Yes"
"SEO Assistant – Entry-Level, Remote Full Time Michael Wong • Posted on May 28, 2025 $4/HR","Michael Wong","Remote","$4/HR","onlinejobs.ph","https://www.onlinejobs.ph/jobseekers/job/SEO-Assistant-Entry-Level-Remote-1376456","2025-05-28","Yes"
"(Apply via form) Property management entry level Any Jack Flores • Posted on May 28, 2025","Jack Flores","Philippines","","onlinejobs.ph","https://www.onlinejobs.ph/jobseekers/job/Apply-via-form-Property-management-entry-level-1355023","2025-05-28","Yes"
"Client Success Associate (Full-Time): Remote | High-Performance Team | Growth-Oriented Role Full Time Susan Berishaj • Posted on May 28, 2025 1800.00","Susan Berishaj","Remote","","onlinejobs.ph","https://www.onlinejobs.ph/jobseekers/job/Client-Success-Associate-Full-Time-Remote-High-Performance-Team-Growth-Oriented-Role-1359308","2025-05-28","Yes"
"Hiring Chat Operator (Philippines / EU) Full Time Ruslan Kb • Posted on May 28, 2025 10% commission of all sales + bonuses.","Ruslan Kb","Philippines","","onlinejobs.ph","https://www.onlinejobs.ph/jobseekers/job/Hiring-Chat-Operator-Philippines-EU-1387129","2025-05-28","Yes"
"Staff Accountant Full Time","KeepingCount HR","Philippines","$700- $1,200","onlinejobs.ph","https://www.onlinejobs.ph/jobseekers/job/Staff-Accountant-1367332","2025-05-28","Yes"
"Virtual Assistant (LMN proficiency is a plus) Any","Nel","Virtual","","onlinejobs.ph","https://www.onlinejobs.ph/jobseekers/job/Virtual-Assistant-LMN-proficiency-is-a-plus-1387122","2025-05-28","Yes"
"Amazon/Walmart Virtual Assistant & Marketplace Expansion Manager Gig Zola • Posted on May 28, 2025 $500","Zola","Virtual","$500","onlinejobs.ph","https://www.onlinejobs.ph/jobseekers/job/AmazonWalmart-Virtual-Assistant-Marketplace-Expansion-Manager-1386177","2025-05-28","Yes"
"Virtual Assistant - Social Media & Email Marketing Full Time Dominic Sandoval • Posted on May 28, 2025 $480-800","Dominic Sandoval","Virtual","$480","onlinejobs.ph","https://www.onlinejobs.ph/jobseekers/job/Virtual-Assistant-Social-Media-Email-Marketing-1386093","2025-05-28","Yes"
"Personal VA & SMM Full Time MH Admin • Posted on May 28, 2025 Php 30,000 - 35,000","MH Admin","Virtual","Php 30,000 - 35,000","onlinejobs.ph","https://www.onlinejobs.ph/jobseekers/job/Personal-VA-SMM-1386081","2025-05-28","Yes"
"Tech & Marketing VA Part Time Hilary • Posted on May 28, 2025 $15/hour","Hilary","Virtual","$15/hour","onlinejobs.ph","https://www.onlinejobs.ph/jobseekers/job/Tech-Marketing-VA-1386071","2025-05-28","Yes"
"Job Opening: Hybrid Customer Service Agent (Graveyard Shift) Part Time Auditech Hearing Aids LLC • Posted on May 28, 2025 5 USD / hour + Commission on Successful Sales","Auditech Hearing Aids LLC","remote","","onlinejobs.ph","https://www.onlinejobs.ph/jobseekers/job/Job-Opening-Hybrid-Customer-Service-Agent-Graveyard-Shift-1386754","2025-05-28","Yes"
"Mortgage Loan Processor (Virtual Assistant) Full Time Chris Nolte • Posted on May 28, 2025 $6-$8/hr depending on skills and experience","Chris Nolte","Virtual","$6-$8/hr","onlinejobs.ph","https://www.onlinejobs.ph/jobseekers/job/Mortgage-Loan-Processor-Virtual-Assistant-1361324","2025-05-28","Yes"
"Full-Time Recruitment Specialist (Remote) Full Time Freedom On Demand • Posted on May 28, 2025 $4 - $5/hr","Freedom On Demand","Remote","$4 - $5/hr","onlinejobs.ph","https://www.onlinejobs.ph/jobseekers/job/Full-Time-Recruitment-Specialist-Remote-1379054","2025-05-28","Yes"
"Solar Sales Rep Full Time Manny Rizzo • Posted on May 28, 2025 $900-$1500+","Manny Rizzo","Remote","$900-$1500","onlinejobs.ph","https://www.onlinejobs.ph/jobseekers/job/Solar-Sales-Rep-1380420","2025-05-28","Yes"
"Sales Virtual Assistant Full Time chris • Posted on May 28, 2025 $8/hr","chris","Virtual","$8/hr","onlinejobs.ph","https://www.onlinejobs.ph/jobseekers/job/Sales-Virtual-Assistant-1387100","2025-05-28","Yes"
"All Round Virtual Assistant – Admin, Bookkeeping & Social Media Support Full Time Jacob Stallman • Posted on May 28, 2025 ?34,800 PHP - 46,400 PHP","Jacob Stallman","Virtual","","onlinejobs.ph","https://www.onlinejobs.ph/jobseekers/job/All-Round-Virtual-Assistant-Admin-Bookkeeping-Social-Media-Support-1387099","2025-05-28","Yes"
"Office Administrator Full Time Alfred Cortez • Posted on May 28, 2025 TBD","Alfred Cortez","Remote","","onlinejobs.ph","https://www.onlinejobs.ph/jobseekers/job/Office-Administrator-1387095","2025-05-28","Yes"
"Inside Sales Agent Full Time","Justin Yurong","Remote","$1600","onlinejobs.ph","https://www.onlinejobs.ph/jobseekers/job/Inside-Sales-Agent-1358922","2025-05-28","Yes"
"Remote Sales Chat Agent Full Time Alyssa • Posted on May 28, 2025 $500 - $1000","Alyssa","Remote","$500 - $1000","onlinejobs.ph","https://www.onlinejobs.ph/jobseekers/job/Remote-Sales-Chat-Agent-1387089","2025-05-28","Yes"
"Personal VA to the Founder Any MH Admin • Posted on May 28, 2025 Php 35,000/month","MH Admin","Virtual","Php 35,000","onlinejobs.ph","https://www.onlinejobs.ph/jobseekers/job/Personal-VA-to-the-Founder-1384548","2025-05-28","Yes"
"Remote Sales & Customer Engagement Agent Full Time Alyssa • Posted on May 28, 2025 500$-1200$","Alyssa","Remote","$500","onlinejobs.ph","https://www.onlinejobs.ph/jobseekers/job/Remote-Sales-Customer-Engagement-Agent-1387088","2025-05-28","Yes"
"Virtual Assistant – Lead Generation & Client Outreach (Nonprofit + Home Care) Part Time Jakobi Barlow • Posted on May 28, 2025 500-800","Jakobi Barlow","Virtual","","onlinejobs.ph","https://www.onlinejobs.ph/jobseekers/job/Virtual-Assistant-Lead-Generation-Client-Outreach-Nonprofit-Home-Care-1387086","2025-05-28","Yes"
"Chat Assistant Full Time Assistant • Posted on May 28, 2025 1200 USD","Assistant","Remote","$700","onlinejobs.ph","https://www.onlinejobs.ph/jobseekers/job/Chat-Assistant-1387080","2025-05-28","Yes"
"Outbound Sales Professional Full Time Pam McClung • Posted on May 28, 2025 Negotiable","Pam McClung","virtual","","onlinejobs.ph","https://www.onlinejobs.ph/jobseekers/job/Outbound-Sales-Professional-1303644","2025-05-28","Yes"
"Virtual Assistant Part Time Mae White • Posted on May 28, 2025 $240/month","Mae White","Virtual","$240/month","onlinejobs.ph","https://www.onlinejobs.ph/jobseekers/job/Virtual-Assistant-1387073","2025-05-28","Yes"
"Remote Chat Support & Sales Representative Full Time Arnas Gintalis • Posted on May 28, 2025 $600–$2500/month (base + commission)","Arnas Gintalis","Remote","$600","onlinejobs.ph","https://www.onlinejobs.ph/jobseekers/job/Remote-Chat-Support-Sales-Representative-1387072","2025-05-28","Yes"
"Virtual Assistant (Philippines Preferred | PST Overlap Required) Location: Remote (Philippines preferred) Part Time Ron Morabito • Posted on May 28, 2025 USD - $500- $750 per month","Ron Morabito","Virtual","$500- $750 per month","onlinejobs.ph","https://www.onlinejobs.ph/jobseekers/job/Virtual-Assistant-Philippines-Preferred-PST-Overlap-Required-Location-Remote-Philippines-preferred-1387070","2025-05-28","Yes"
"2D/3D Animator for YouTube Animated Episodes (Dog & Animal Content) Any Angel Huffman • Posted on May 28, 2025 Negotiable","Angel Huffman","Remote","","onlinejobs.ph","https://www.onlinejobs.ph/jobseekers/job/2D3D-Animator-for-YouTube-Animated-Episodes-Dog-Animal-Content-1329262","2025-05-28","Yes"
"Executive/Personal Assistant (Remote, Philippines) — Luxury Wedding Photographer | Vancouver, BC Any Mark Barski • Posted on May 28, 2025 600-800CAD / Month","Mark Barski","Remote","","onlinejobs.ph","https://www.onlinejobs.ph/jobseekers/job/ExecutivePersonal-Assistant-Remote-Philippines-Luxury-Wedding-Photographer-Vancouver-BC-1387068","2025-05-28","Yes"
"Short Term Rental (Airbnb) Director of Operations (Remote Full-time) - Leadership Role Full Time Creekwood HR • Posted on May 28, 2025 1600+","Creekwood HR","Remote","","onlinejobs.ph","https://www.onlinejobs.ph/jobseekers/job/Short-Term-Rental-Airbnb-Director-of-Operations-Remote-Full-time-Leadership-Role-1376398","2025-05-28","Yes"
"Graphic Designer Wanted – For High-Converting Funnels & Performance Brands (Full-Time / Remote) Full Time Magnus A • Posted on May 28, 2025 USD1000","Magnus A","Remote","USD1000","onlinejobs.ph","https://www.onlinejobs.ph/jobseekers/job/Graphic-Designer-Wanted-For-High-Converting-Funnels-Performance-Brands-Full-Time-Remote-1387061","2025-05-28","Yes"
"Virtual Assistant for Perfume Supplier Research (ImportYeti + Netherlands Focus) Gig Lex Voelker • Posted on May 28, 2025 10","Lex Voelker","Virtual","","onlinejobs.ph","https://www.onlinejobs.ph/jobseekers/job/Virtual-Assistant-for-Perfume-Supplier-Research-ImportYeti-Netherlands-Focus-1387060","2025-05-28","Yes"
"Account Manager Full Time","David Jones","remote","$900-$1,100","onlinejobs.ph","https://www.onlinejobs.ph/jobseekers/job/Account-Manager-1382213","2025-05-28","Yes"
"Cold Calling Appointment Setter Full Time Abigail Lacson • Posted on May 28, 2025 DOE","Abigail Lacson","Remote","","onlinejobs.ph","https://www.onlinejobs.ph/jobseekers/job/Cold-Calling-Appointment-Setter-1295892","2025-05-28","Yes"
"Creative Assistant Part Time Michael Holyk • Posted on May 28, 2025 500","Michael Holyk","Remote","$500/month","onlinejobs.ph","https://www.onlinejobs.ph/jobseekers/job/Creative-Assistant-1387045","2025-05-28","Yes"
"Virtual Assistant Full Time Marina Kalikhman • Posted on May 28, 2025 $200/2 weeks","Marina Kalikhman","Virtual","$200","onlinejobs.ph","https://www.onlinejobs.ph/jobseekers/job/Virtual-Assistant-1387041","2025-05-28","Yes"
"Social Media Manager & Graphic Designer (WFH) Full Time MP Recruitment • Posted on May 28, 2025 TBA","MP Recruitment","Philippines","","onlinejobs.ph","https://www.onlinejobs.ph/jobseekers/job/Social-Media-Manager-Graphic-Designer-WFH-1361256","2025-05-28","Yes"
"Shopify Product and CRO Expert Full Time Matt Frost • Posted on May 28, 2025 $1200","Matt Frost","Philippines","$1200","onlinejobs.ph","https://www.onlinejobs.ph/jobseekers/job/Shopify-Product-and-CRO-Expert-1353244","2025-05-28","Yes"
"IT Support Specialist Full Time Dayne Delano • Posted on May 28, 2025 $13","Dayne Delano","remote","$13","onlinejobs.ph","https://www.onlinejobs.ph/jobseekers/job/IT-Support-Specialist-1387035","2025-05-28","Yes"
"Rockstar Appointment Setter Full Time Nancy Ramos • Posted on May 28, 2025 400-500 a month","Nancy Ramos","remote","","onlinejobs.ph","https://www.onlinejobs.ph/jobseekers/job/Rockstar-Appointment-Setter-1387033","2025-05-28","Yes"
"LEAD GENERATION SPECIALIST Any Art Winf • Posted on May 28, 2025 TBD","Art Winf","Remote","","onlinejobs.ph","https://www.onlinejobs.ph/jobseekers/job/LEAD-GENERATION-SPECIALIST-1355878","2025-05-28","Yes"
"URGENT: CUSTOMER SERVICE - REMOTE SALES REPS (WE'RE HIRING NEXT WEEK!) Full Time Katren • Posted on May 28, 2025 TBD","Katren","REMOTE","","onlinejobs.ph","https://www.onlinejobs.ph/jobseekers/job/URGENT-CUSTOMER-SERVICE-REMOTE-SALES-REPS-WERE-HIRING-NEXT-WEEK-1378273","2025-05-28","Yes"
"URGENT: CUSTOMER SERVICE EXPERIENCED SALES REPS NEEDED! Full Time Katren • Posted on May 28, 2025 TBD","Katren","Remote","","onlinejobs.ph","https://www.onlinejobs.ph/jobseekers/job/URGENT-CUSTOMER-SERVICE-EXPERIENCED-SALES-REPS-NEEDED-1378971","2025-05-28","Yes"
"Real Estate Transaction Coordinator Full Time Jon LeClerc • Posted on May 28, 2025 1200-1800","Jon LeClerc","Remote","","onlinejobs.ph","https://www.onlinejobs.ph/jobseekers/job/Real-Estate-Transaction-Coordinator-1329458","2025-05-28","Yes"
"Community Retention Specialist Part Time","Admin Team","Remote","","onlinejobs.ph","https://www.onlinejobs.ph/jobseekers/job/Community-Retention-Specialist-1381972","2025-05-28","Yes"
"Executive Assistant Full Time Robin Almendares • Posted on May 28, 2025 45,000-65,000","Robin Almendares","Remote","","onlinejobs.ph","https://www.onlinejobs.ph/jobseekers/job/Executive-Assistant-1381264","2025-05-28","Yes"
"Social Media Manager Part Time Solvency Now Bookkeeping • Posted on May 28, 2025 PHP 37,671 to PHP 50,228 per month / $649.50 to $866.00 USD per month","Solvency Now Bookkeeping","Philippines","$649.50","onlinejobs.ph","https://www.onlinejobs.ph/jobseekers/job/Social-Media-Manager-1387009","2025-05-28","Yes"
"Property Management Company Bookkeeper Full Time HomeWorks Property Management LLC • Posted on May 28, 2025 Starting $600 per month","HomeWorks Property Management LLC","Remote","$600 per month","onlinejobs.ph","https://www.onlinejobs.ph/jobseekers/job/Property-Management-Company-Bookkeeper-1387003","2025-05-28","Yes"
"GO HIGH LEVEL SPECIALIST & CUSTOMER SERVICE REP Full Time","Lepodgy Battle","Virtual","","onlinejobs.ph","https://www.onlinejobs.ph/jobseekers/job/GO-HIGH-LEVEL-SPECIALIST-CUSTOMER-SERVICE-REP-1387001","2025-05-28","Yes"
"Reddit posting VA Full Time Justin Matthew Hall • Posted on May 28, 2025 $448","Justin Matthew Hall","Philippines","$448","onlinejobs.ph","https://www.onlinejobs.ph/jobseekers/job/Reddit-posting-VA-1386991","2025-05-28","Yes"
"Bookkeeper QuickBooks Online Experienced Contractor Full Time Solvency Now Bookkeeping • Posted on May 28, 2025 PHP 43,186 - 61,703/month ($757.75 - $1,082.50/month)","Solvency Now Bookkeeping","Remote","$757.75 - $1,082.50/month","onlinejobs.ph","https://www.onlinejobs.ph/jobseekers/job/Bookkeeper-QuickBooks-Online-Experienced-Contractor-1362475","2025-05-28","Yes"
"Remote Graphic Designer Full Time","Paige Burnie","Remote","","onlinejobs.ph","https://www.onlinejobs.ph/jobseekers/job/Remote-Graphic-Designer-1386990","2025-05-28","Yes"
"Remote Office Assistant Full Time","Paige Burnie","Remote","","onlinejobs.ph","https://www.onlinejobs.ph/jobseekers/job/Remote-Office-Assistant-1386985","2025-05-28","Yes"
"Remote Social Media Specialist Full Time","Paige Burnie","Remote","","onlinejobs.ph","https://www.onlinejobs.ph/jobseekers/job/Remote-Social-Media-Specialist-1386982","2025-05-28","Yes"
"Operations Administrator Full Time","Justine","remote","","onlinejobs.ph","https://www.onlinejobs.ph/jobseekers/job/Operations-Administrator-1370397","2025-05-28","Yes"
"Ad creator/Video Editor Part Time Thomas Verhulst • Posted on May 28, 2025 250-300","Thomas Verhulst","Philippines","","onlinejobs.ph","https://www.onlinejobs.ph/jobseekers/job/Ad-creatorVideo-Editor-1386977","2025-05-28","Yes"
"Recruiter (Remote) Full Time Dan Herrera • Posted on May 28, 2025 4 USD/hr","Dan Herrera","Remote","","onlinejobs.ph","https://www.onlinejobs.ph/jobseekers/job/Recruiter-Remote-1344351","2025-05-28","Yes"
"Video Editor Full Time","DAP Careers Team","remote","","onlinejobs.ph","https://www.onlinejobs.ph/jobseekers/job/Video-Editor-1258275","2025-05-28","Yes"
"NEEDED ASAP - DISPOSITION MANAGER (REAL ESTATE - WHOLESALE) Full Time Emberlei Monterde • Posted on May 28, 2025 $1500/month + 0.5% commission on deal size","Emberlei Monterde","Remote","$1500/month","onlinejobs.ph","https://www.onlinejobs.ph/jobseekers/job/NEEDED-ASAP-DISPOSITION-MANAGER-REAL-ESTATE-WHOLESALE-1386968","2025-05-28","Yes"
"Bookkeeper (With QuickBooks experience) – Work from Home Full Time Gerome Montealegre • Posted on May 28, 2025 800","Gerome Montealegre","Work from Home","","onlinejobs.ph","https://www.onlinejobs.ph/jobseekers/job/Bookkeeper-With-QuickBooks-experience-Work-from-Home-1386967","2025-05-28","Yes"
"Executive Virtual Assistant (E-commerce) Part Time Grace Amores • Posted on May 28, 2025 $10 - $11 per hour","Grace Amores","Virtual","$10 - $11 per hour","onlinejobs.ph","https://www.onlinejobs.ph/jobseekers/job/Executive-Virtual-Assistant-E-commerce-1386964","2025-05-28","Yes"
"Remote Copywriter Gig","Paige Burnie","Remote","","onlinejobs.ph","https://www.onlinejobs.ph/jobseekers/job/Remote-Copywriter-1386963","2025-05-28","Yes"
"Shopify Fashion Dropshipping VA – Fill All Tracking & Reporting Sheets Any Chiayu Ku • Posted on May 28, 2025 $700/month","Chiayu Ku","Virtual","$700/month","onlinejobs.ph","https://www.onlinejobs.ph/jobseekers/job/Shopify-Fashion-Dropshipping-VA-Fill-All-Tracking-Reporting-Sheets-1386961","2025-05-28","Yes"
"Social Media & Content Marketing Specialist Full Time Alphainbay • Posted on May 28, 2025 TBD","Alphainbay","Philippines","","onlinejobs.ph","https://www.onlinejobs.ph/jobseekers/job/Social-Media-Content-Marketing-Specialist-1376304","2025-05-28","Yes"
"Accountant Lead Full Time Michelle Lam • Posted on May 28, 2025 Php 35,000 - Php 75,000","Michelle Lam","Remote","Php 35,000","onlinejobs.ph","https://www.onlinejobs.ph/jobseekers/job/Accountant-Lead-1346915","2025-05-28","Yes"
"Customer Service Representative Full Time Josh Brady • Posted on May 28, 2025 $1,200 USD","Josh Brady","Virtual","$1,200","onlinejobs.ph","https://www.onlinejobs.ph/jobseekers/job/Customer-Service-Representative-1386955","2025-05-28","Yes"
"Virtual Assistant Part Time Annie Grant • Posted on May 28, 2025 400/month","Annie Grant","Virtual","","onlinejobs.ph","https://www.onlinejobs.ph/jobseekers/job/Virtual-Assistant-1386952","2025-05-28","Yes"
"ACQUISITIONS MANAGER Full Time Vinh Nguyen • Posted on May 28, 2025 600-1200 USD","Vinh Nguyen","Philippines","600-1200 USD","onlinejobs.ph","https://www.onlinejobs.ph/jobseekers/job/ACQUISITIONS-MANAGER-1386951","2025-05-28","Yes"
"Facebook Ads Manager – Lead Generation & Tracking Expert (Remote | Full-Time) Any Angelo Vagas • Posted on May 28, 2025 $1000","Angelo Vagas","Remote","$1000","onlinejobs.ph","https://www.onlinejobs.ph/jobseekers/job/Facebook-Ads-Manager-Lead-Generation-Tracking-Expert-Remote-Full-Time-1386950","2025-05-28","Yes"
"Company Administrative Assistant Full Time Koscom • Posted on May 28, 2025 $500/month","Koscom","remote","$500/month","onlinejobs.ph","https://www.onlinejobs.ph/jobseekers/job/Company-Administrative-Assistant-1362367","2025-05-28","Yes"
"Entry Level Technical VA- No Experience Needed Full Time Viktoria Altman • Posted on May 28, 2025 $520/month","Viktoria Altman","Virtual","$520/month","onlinejobs.ph","https://www.onlinejobs.ph/jobseekers/job/Entry-Level-Technical-VA-No-Experience-Needed-1386948","2025-05-28","Yes"
"Outreach Coordinator & Backup Property Manager Assistant for Growing Company Any Lea Wiviott Boracchia • Posted on May 28, 2025 $2 - $4","Lea Wiviott Boracchia","Remote","$2 - $4","onlinejobs.ph","https://www.onlinejobs.ph/jobseekers/job/Outreach-Coordinator-Backup-Property-Manager-Assistant-for-Growing-Company-1381575","2025-05-28","Yes"
"Cold Outreach Expert Full Time Ethan Koontz • Posted on May 28, 2025 750","Ethan Koontz","Virtual","","onlinejobs.ph","https://www.onlinejobs.ph/jobseekers/job/Cold-Outreach-Expert-1386946","2025-05-28","Yes"
"Virtual Assistant – Social Media, Photo Editing & E-Commerce Support Part Time MARION • Posted on May 28, 2025 250-350","MARION","Virtual","","onlinejobs.ph","https://www.onlinejobs.ph/jobseekers/job/Virtual-Assistant-Social-Media-Photo-Editing-E-Commerce-Support-1386945","2025-05-28","Yes"
"AU Accountant Full Time Aaron • Posted on May 28, 2025 DOE","Aaron","Remote","","onlinejobs.ph","https://www.onlinejobs.ph/jobseekers/job/AU-Accountant-1324809","2025-05-28","Yes"
"US Accountant (QBO) Any Matthew • Posted on May 28, 2025 Competitive Salary","Matthew","Philippines","","onlinejobs.ph","https://www.onlinejobs.ph/jobseekers/job/US-Accountant-QBO-1332442","2025-05-28","Yes"
"US ACCOUNTANT (QBO) Full Time Pancho Laurente • Posted on May 28, 2025","Pancho Laurente","Philippines","","onlinejobs.ph","https://www.onlinejobs.ph/jobseekers/job/US-ACCOUNTANT-QBO-1336678","2025-05-28","Yes"
"US Senior Accountant Full Time Jared • Posted on May 28, 2025 $2000/month","Jared","Philippines","$2000/month","onlinejobs.ph","https://www.onlinejobs.ph/jobseekers/job/US-Senior-Accountant-1338928","2025-05-28","Yes"
"US Senior Accountant (URGENT) Full Time Carl • Posted on May 28, 2025 DOE","Carl","Philippines","","onlinejobs.ph","https://www.onlinejobs.ph/jobseekers/job/US-Senior-Accountant-URGENT-1340261","2025-05-28","Yes"
"AU + US Accountant Full Time CK • Posted on May 28, 2025 COMPETITIVE SALARY","CK","Remote","","onlinejobs.ph","https://www.onlinejobs.ph/jobseekers/job/AU-US-Accountant-1348743","2025-05-28","Yes"
"Property Management ACCOUNTANT (Yardi) Full Time Doug • Posted on May 28, 2025 COMPETITIVE SALARY","Doug","Remote","","onlinejobs.ph","https://www.onlinejobs.ph/jobseekers/job/Property-Management-ACCOUNTANT-Yardi-1350751","2025-05-28","Yes"
"US Senior Accountant (Netsuite) Any John Klein • Posted on May 28, 2025 Php 100,000/month","John Klein","Remote","Php 100,000","onlinejobs.ph","https://www.onlinejobs.ph/jobseekers/job/US-Senior-Accountant-Netsuite-1373009","2025-05-28","Yes"
"Virtual Bookkeeper Full Time Michael Luu • Posted on May 28, 2025 $700-$1100","Michael Luu","Virtual","$700-$1100","onlinejobs.ph","https://www.onlinejobs.ph/jobseekers/job/Virtual-Bookkeeper-1386941","2025-05-28","Yes"
"Bookkeeping & Admin Support Specialist Any","Adrian","Remote","$5 - $8 / Hour","onlinejobs.ph","https://www.onlinejobs.ph/jobseekers/job/Bookkeeping-Admin-Support-Specialist-1378722","2025-05-28","Yes"
"Customer Service Specialist Full Time Melania • Posted on May 28, 2025 500$","Melania","Philippines","","onlinejobs.ph","https://www.onlinejobs.ph/jobseekers/job/Customer-Service-Specialist-1386938","2025-05-28","Yes"
"Cold calling ,appointment setter Full Time","Fabio Brankovic","Virtual","$200-$800","onlinejobs.ph","https://www.onlinejobs.ph/jobseekers/job/Cold-calling-appointment-setter-1386937","2025-05-28","Yes"
"Full-Time Video Editor Full Time Antonio • Posted on May 28, 2025 42,500","Antonio","Remote","","onlinejobs.ph","https://www.onlinejobs.ph/jobseekers/job/Full-Time-Video-Editor-1362180","2025-05-28","Yes"
"Data QA Specialist (Remote) Full Time Antonio • Posted on May 28, 2025 30000","Antonio","Remote","","onlinejobs.ph","https://www.onlinejobs.ph/jobseekers/job/Data-QA-Specialist-Remote-1363734","2025-05-28","Yes"
"Sales & Client Success Representative (Real Estate Media | Remote ) Any Frank • Posted on May 28, 2025 $7 - $15 / hr (Based on Experience)","Frank","Remote","$7 - $15 / hr","onlinejobs.ph","https://www.onlinejobs.ph/jobseekers/job/Sales-Client-Success-Representative-Real-Estate-Media-Remote-1386932","2025-05-28","Yes"
"Sales Development Representative Full Time RGP Recruiting Team • Posted on May 28, 2025 $1,500-$2,500","RGP Recruiting Team","remote","$1,500-$2,500","onlinejobs.ph","https://www.onlinejobs.ph/jobseekers/job/Sales-Development-Representative-1386931","2025-05-28","Yes"
"REAL ESTATE TRANSACTION COORDINATOR Part Time Auston Cook • Posted on May 28, 2025 $5/hr","Auston Cook","Work From Home","$5/hr","onlinejobs.ph","https://www.onlinejobs.ph/jobseekers/job/REAL-ESTATE-TRANSACTION-COORDINATOR-1350726","2025-05-28","Yes"
"Virtual Dental Receptionist Full Time Adesuwa O • Posted on May 28, 2025 1000 -1200 per month depending on experience","Adesuwa O","Virtual","1000 -1200 per month","onlinejobs.ph","https://www.onlinejobs.ph/jobseekers/job/Virtual-Dental-Receptionist-1386928","2025-05-28","Yes"
"Virtual Accounting/Finance Assistant Full Time HR - Alpha in Bay, Inc. • Posted on May 28, 2025 $600-$1500","HR - Alpha in Bay, Inc.","Virtual","$600-$1500","onlinejobs.ph","https://www.onlinejobs.ph/jobseekers/job/Virtual-AccountingFinance-Assistant-1376176","2025-05-28","Yes"
"We’re Hiring: Video Editors & Graphic Designers Full Time HR - Alpha in Bay, Inc. • Posted on May 28, 2025 TBD","HR - Alpha in Bay, Inc.","Remote","","onlinejobs.ph","https://www.onlinejobs.ph/jobseekers/job/Were-Hiring-Video-Editors-Graphic-Designers-1376037","2025-05-28","Yes"
"Virtual Assistant – Interior Design Support Full Time HR - Alpha in Bay, Inc. • Posted on May 28, 2025 TBD","HR - Alpha in Bay, Inc.","Virtual","","onlinejobs.ph","https://www.onlinejobs.ph/jobseekers/job/Virtual-Assistant-Interior-Design-Support-1373730","2025-05-28","Yes"
"Proactive Executive Virtual Assistant Full Time Prity Patel • Posted on May 28, 2025 Php 40,000","Prity Patel","Virtual","Php 40,000","onlinejobs.ph","https://www.onlinejobs.ph/jobseekers/job/Proactive-Executive-Virtual-Assistant-1370157","2025-05-28","Yes"
"On-Call Graphic Designer Part Time Vincent DAccolti • Posted on May 28, 2025 1000","Vincent DAccolti","remote","","onlinejobs.ph","https://www.onlinejobs.ph/jobseekers/job/On-Call-Graphic-Designer-1386926","2025-05-28","Yes"
"Executive Virtual Assistants – Project Management & Marketing Roles Full Time Mae Evangelista • Posted on May 28, 2025 20,000/month","Mae Evangelista","Virtual","","onlinejobs.ph","https://www.onlinejobs.ph/jobseekers/job/Executive-Virtual-Assistants-Project-Management-Marketing-Roles-1380855","2025-05-28","Yes"
"Virtual Assistant Part Time Adam Chase • Posted on May 28, 2025 $300-$500","Adam Chase","Virtual","$300-$500","onlinejobs.ph","https://www.onlinejobs.ph/jobseekers/job/Virtual-Assistant-1386923","2025-05-28","Yes"
"Long-Term Virtual Assistant (Tech & Automation Focus) Any Keyonta Whitlow • Posted on May 28, 2025 $5 to $9 per hour","Keyonta Whitlow","Virtual","$5","onlinejobs.ph","https://www.onlinejobs.ph/jobseekers/job/Long-Term-Virtual-Assistant-Tech-Automation-Focus-1386919","2025-05-28","Yes"
"Virtual Brand Assistant – Social Media & Influencer Relations (For Women) Part Time Raphael • Posted on May 28, 2025 440","Raphael","Virtual","","onlinejobs.ph","https://www.onlinejobs.ph/jobseekers/job/Virtual-Brand-Assistant-Social-Media-Influencer-Relations-For-Women-1324350","2025-05-28","Yes"
"Lead Generation Virtual Assistant Any","Adrian","Virtual","$5 - $8 / Hour","onlinejobs.ph","https://www.onlinejobs.ph/jobseekers/job/Lead-Generation-Virtual-Assistant-1380228","2025-05-28","Yes"
"Full-Time Product Lister for E-commerce (Flexible Hours | Long-Term Opportunity) Full Time Darren Wevers • Posted on May 28, 2025 $200+ p/m","Darren Wevers","remote","$200","onlinejobs.ph","https://www.onlinejobs.ph/jobseekers/job/Full-Time-Product-Lister-for-E-commerce-Flexible-Hours-Long-Term-Opportunity-1386915","2025-05-28","Yes"
"Senior Executive Assistant (Remote) Full Time","Lucy","Remote","$1100-$1500","onlinejobs.ph","https://www.onlinejobs.ph/jobseekers/job/Senior-Executive-Assistant-Remote-1328728","2025-05-28","Yes"
"Professional Audiobook Editor Wanted Gig Jack Aubort • Posted on May 28, 2025 TBA","Jack Aubort","Remote","","onlinejobs.ph","https://www.onlinejobs.ph/jobseekers/job/Professional-Audiobook-Editor-Wanted-1386910","2025-05-28","Yes"
"Experience Real Estate Video Editor Any Frank • Posted on May 28, 2025 Negotiable Based on Experience","Frank","Remote","","onlinejobs.ph","https://www.onlinejobs.ph/jobseekers/job/Experience-Real-Estate-Video-Editor-1386909","2025-05-28","Yes"
"Bookkeeping & Growth Assistant (QBO Certified) Part Time","Lisa-Mei McCoy","virtual","","onlinejobs.ph","https://www.onlinejobs.ph/jobseekers/job/Bookkeeping-Growth-Assistant-QBO-Certified-1386908","2025-05-28","Yes"
"LinkedIn Lead Generator Full Time Maydene Palma • Posted on May 28, 2025 $450/month","Maydene Palma","remote","$450/month","onlinejobs.ph","https://www.onlinejobs.ph/jobseekers/job/LinkedIn-Lead-Generator-1386907","2025-05-28","Yes"
"Email Marketing Expert Full Time Myles Broom • Posted on May 28, 2025 83340 PHP per month","Myles Broom","Remote","","onlinejobs.ph","https://www.onlinejobs.ph/jobseekers/job/Email-Marketing-Expert-1386906","2025-05-28","Yes"
"Influencer Marketing Assistant Part Time Lois Suicon • Posted on May 28, 2025 Starting Salary $10","Lois Suicon","Philippines","$10","onlinejobs.ph","https://www.onlinejobs.ph/jobseekers/job/Influencer-Marketing-Assistant-1381348","2025-05-28","Yes"
"Remote Copywriter – GBP & Blog Content (Medical/Medspa Focus) Full Time blake • Posted on May 28, 2025 55,537.51 PHP Monhtly","blake","Remote","$1,000/month","onlinejobs.ph","https://www.onlinejobs.ph/jobseekers/job/Remote-Copywriter-GBP-Blog-Content-MedicalMedspa-Focus-1386904","2025-05-28","Yes"
"Marketing & Branding Virtual Assistant Any Nina Munoz • Posted on May 28, 2025 TBD","Nina Munoz","Virtual","","onlinejobs.ph","https://www.onlinejobs.ph/jobseekers/job/Marketing-Branding-Virtual-Assistant-1386900","2025-05-28","Yes"
"Sales Full Time","Sam","Remote","$5","onlinejobs.ph","https://www.onlinejobs.ph/jobseekers/job/Sales-1376891","2025-05-28","Yes"
"We're Hiring: Web Developer (Wix) – Full-Time, Remote Full Time","Jacob Chow","Remote","","onlinejobs.ph","https://www.onlinejobs.ph/jobseekers/job/Were-Hiring-Web-Developer-Wix-Full-Time-Remote-1386893","2025-05-28","Yes"
"Executive Assistant Any","Kiara Arcedera","virtual","","onlinejobs.ph","https://www.onlinejobs.ph/jobseekers/job/Executive-Assistant-1337444","2025-05-28","Yes"
"Bilingual Virtual Assistant (Spanish and English Speaking) Any","Kiara Arcedera","Virtual","","onlinejobs.ph","https://www.onlinejobs.ph/jobseekers/job/Bilingual-Virtual-Assistant-Spanish-and-English-Speaking-1371168","2025-05-28","Yes"
"Finance and Accounting Assistant Full Time Natalie Smith • Posted on May 28, 2025 $6-$7 USD per hour","Natalie Smith","Virtual","$6-$7","onlinejobs.ph","https://www.onlinejobs.ph/jobseekers/job/Finance-and-Accounting-Assistant-1283381","2025-05-28","Yes"
"Chief of Staff for Web Design Agency Full Time","Hunter Ricks","Virtual","","onlinejobs.ph","https://www.onlinejobs.ph/jobseekers/job/Chief-of-Staff-for-Web-Design-Agency-1386889","2025-05-28","Yes"
"Lead Gen Role at Top Design Agency (paid trial sprint) Any Ann • Posted on May 28, 2025 99999","Ann","Virtual","","onlinejobs.ph","https://www.onlinejobs.ph/jobseekers/job/Lead-Gen-Role-at-Top-Design-Agency-paid-trial-sprint-1386888","2025-05-28","Yes"
"Amazon Listing and Content Specialist (Philippines Region) Any hr • Posted on May 28, 2025 500","hr","Philippines","","onlinejobs.ph","https://www.onlinejobs.ph/jobseekers/job/Amazon-Listing-and-Content-Specialist-Philippines-Region-1386887","2025-05-28","Yes"
"Skilled Virtual Appointment Setter Needed Full Time John • Posted on May 28, 2025 500","John","Virtual","","onlinejobs.ph","https://www.onlinejobs.ph/jobseekers/job/Skilled-Virtual-Appointment-Setter-Needed-1347986","2025-05-28","Yes"
"FULL-TIME E-COMMERCE VIRTUAL ASSISTANT (LONG-TERM OPPORTUNITY) Full Time Divine Derriere • Posted on May 28, 2025 $600-$700","Divine Derriere","VIRTUAL","$600-$700","onlinejobs.ph","https://www.onlinejobs.ph/jobseekers/job/FULL-TIME-E-COMMERCE-VIRTUAL-ASSISTANT-LONG-TERM-OPPORTUNITY-1335690","2025-05-28","Yes"
"eCommerce Virtual Assistant (Long Term Opportunity) Full Time Divine Derriere • Posted on May 28, 2025 $600-$700","Divine Derriere","Virtual","$600-$700","onlinejobs.ph","https://www.onlinejobs.ph/jobseekers/job/eCommerce-Virtual-Assistant-Long-Term-Opportunity-1335691","2025-05-28","Yes"
"Part Time Virtual Assistant Gig Frank Lopez • Posted on May 28, 2025 $700","Frank Lopez","Virtual","$700","onlinejobs.ph","https://www.onlinejobs.ph/jobseekers/job/Part-Time-Virtual-Assistant-1383065","2025-05-28","Yes"
"We're Hiring: Social Media Content Specialist (Full-Time, Remote) Full Time","Jacob Chow","Remote","$1,000","onlinejobs.ph","https://www.onlinejobs.ph/jobseekers/job/Were-Hiring-Social-Media-Content-Specialist-Full-Time-Remote-1386881","2025-05-28","Yes"
"Outreach & Engagement Assistant Part Time Bria Colon • Posted on May 28, 2025 $160","Bria Colon","Philippines","$160","onlinejobs.ph","https://www.onlinejobs.ph/jobseekers/job/Outreach-Engagement-Assistant-1386880","2025-05-28","Yes"
"Cold Outreach Specialist Full Time","Tanner Thomason","Virtual","","onlinejobs.ph","https://www.onlinejobs.ph/jobseekers/job/Cold-Outreach-Specialist-1386878","2025-05-28","Yes"
"Marketing EA Full Time Elizabeth Dyson • Posted on May 28, 2025 $5","Elizabeth Dyson","Virtual","$5","onlinejobs.ph","https://www.onlinejobs.ph/jobseekers/job/Marketing-EA-1386877","2025-05-28","Yes"
"We're Hiring: Video Editor (Full-Time, Remote) Full Time","Jacob Chow","Remote","$1,000","onlinejobs.ph","https://www.onlinejobs.ph/jobseekers/job/Were-Hiring-Video-Editor-Full-Time-Remote-1386874","2025-05-28","Yes"
"Customer Support / Sales Full Time Hiring Manager • Posted on May 28, 2025 $4/ hour","Hiring Manager","remote","$4/ hour","onlinejobs.ph","https://www.onlinejobs.ph/jobseekers/job/Customer-Support-Sales-1381991","2025-05-28","Yes"
"Social Media Manager (with Video Editing Experience) Full Time Danica • Posted on May 28, 2025 TBD","Danica","Remote","","onlinejobs.ph","https://www.onlinejobs.ph/jobseekers/job/Social-Media-Manager-with-Video-Editing-Experience-1386870","2025-05-28","Yes"
"Cold Caller Part Time Doug Haddad • Posted on May 28, 2025 300$","Doug Haddad","Philippines","","onlinejobs.ph","https://www.onlinejobs.ph/jobseekers/job/Cold-Caller-1380209","2025-05-28","Yes"
"Outreach & Appointment Specialist (Life Insurance) Full Time Franz • Posted on May 28, 2025 $700 per month + uncapped bonus potential","Franz","remote","$700 per month","onlinejobs.ph","https://www.onlinejobs.ph/jobseekers/job/Outreach-Appointment-Specialist-Life-Insurance-1349242","2025-05-28","Yes"
"Personal Assistant Full Time Joseph ""Gabriel"" Lucero • Posted on May 28, 2025 640/month","Joseph ""Gabriel"" Lucero","remote","","onlinejobs.ph","https://www.onlinejobs.ph/jobseekers/job/Personal-Assistant-1386864","2025-05-28","Yes"
"Grant Specialist Any","Brittany Bettini","Virtual","","onlinejobs.ph","https://www.onlinejobs.ph/jobseekers/job/Grant-Specialist-1386863","2025-05-28","Yes"
"TikTok Clipping & Posting Assistant Part Time 4S • Posted on May 28, 2025 15,000 PHP","4S","Remote","","onlinejobs.ph","https://www.onlinejobs.ph/jobseekers/job/TikTok-Clipping-Posting-Assistant-1386861","2025-05-28","Yes"
"Content & Operations Virtual Assistant For Small Creator Brand Full Time Nicole • Posted on May 28, 2025 $800-$1,100/month","Nicole","Virtual","$800-$1,100/month","onlinejobs.ph","https://www.onlinejobs.ph/jobseekers/job/Content-Operations-Virtual-Assistant-For-Small-Creator-Brand-1386859","2025-05-28","Yes"
"Virtual Assistant (Admin & Student Support) – Long-Term Role with Growth Opportunity Part Time Will Cornell • Posted on May 28, 2025 $400/month USD","Will Cornell","Virtual","$400/month","onlinejobs.ph","https://www.onlinejobs.ph/jobseekers/job/Virtual-Assistant-Admin-Student-Support-Long-Term-Role-with-Growth-Opportunity-1386858","2025-05-28","Yes"
"Customer Success Any Gilbert Garcia • Posted on May 28, 2025 $800","Gilbert Garcia","Virtual","$800","onlinejobs.ph","https://www.onlinejobs.ph/jobseekers/job/Customer-Success-1379034","2025-05-28","Yes"
"Digital Data Analyst Any BE: 1 MEDIA • Posted on May 28, 2025 TBA","BE: 1 MEDIA","Remote","","onlinejobs.ph","https://www.onlinejobs.ph/jobseekers/job/Digital-Data-Analyst-1386854","2025-05-28","Yes"
"Estate Planning Paralegal Part Time","Joseph Robinson","Remote","","onlinejobs.ph","https://www.onlinejobs.ph/jobseekers/job/Estate-Planning-Paralegal-1386852","2025-05-28","Yes"
"HOME IMPROVEMENT COLD CALLER (WITH EXPERIENCE) Part Time","Anne","work from home","$4/hour","onlinejobs.ph","https://www.onlinejobs.ph/jobseekers/job/HOME-IMPROVEMENT-COLD-CALLER-WITH-EXPERIENCE-1325240","2025-05-28","Yes"
"Virtual Executive Assistant - EXPERIENCE REQUIRED Part Time","Anne","Virtual","","onlinejobs.ph","https://www.onlinejobs.ph/jobseekers/job/Virtual-Executive-Assistant-EXPERIENCE-REQUIRED-1328630","2025-05-28","Yes"
"Professional Short-Form Full Time C3 Studios • Posted on May 28, 2025 1100+ (Depending on Experience)","C3 Studios","remote","","onlinejobs.ph","https://www.onlinejobs.ph/jobseekers/job/Professional-Short-Form-1381382","2025-05-28","Yes"
"Executive Virtual Assistant Full Time","Milena Pesut","Virtual","","onlinejobs.ph","https://www.onlinejobs.ph/jobseekers/job/Executive-Virtual-Assistant-1378790","2025-05-28","Yes"
"Virtual Assistant for: Data Entry, SOPs & Light Automation Part Time Ciaran Keady • Posted on May 28, 2025 $150 - $500","Ciaran Keady","Virtual","$150 - $500","onlinejobs.ph","https://www.onlinejobs.ph/jobseekers/job/Virtual-Assistant-for-Data-Entry-SOPs-Light-Automation-1386838","2025-05-28","Yes"
"Virtual Customer Service Assistant - Mental Health Group Practice (Full-Time, Long-Term) Full Time Julie Pettinato • Posted on May 28, 2025 $1512.00 per month","Julie Pettinato","Virtual","$1512.00 per month","onlinejobs.ph","https://www.onlinejobs.ph/jobseekers/job/Virtual-Customer-Service-Assistant-Mental-Health-Group-Practice-Full-Time-Long-Term-1386836","2025-05-28","Yes"
"PART-TIME REAL-ESTATE ADMIN / TRANSACTION COORDINATOR Part Time RLT Real Estate Co • Posted on May 28, 2025 $420 USD","RLT Real Estate Co","Virtual","$420","onlinejobs.ph","https://www.onlinejobs.ph/jobseekers/job/PART-TIME-REAL-ESTATE-ADMIN-TRANSACTION-COORDINATOR-1386831","2025-05-28","Yes"
"IMMEDIATELY HIRING AWESOME VIRTUAL ASSISTANT Part Time Cuong Chuong • Posted on May 28, 2025 5.00 CAD","Cuong Chuong","VIRTUAL","","onlinejobs.ph","https://www.onlinejobs.ph/jobseekers/job/IMMEDIATELY-HIRING-AWESOME-VIRTUAL-ASSISTANT-1386830","2025-05-28","Yes"
"Graphic Desinger Any","Seth Van Daele","Remote","$750","onlinejobs.ph","https://www.onlinejobs.ph/jobseekers/job/Graphic-Desinger-1386828","2025-05-28","Yes"
"Real Estate Virtual Assistant (REVA) Full Time TAC HR • Posted on May 28, 2025 Php 30,000 - 40,000","TAC HR","Virtual","Php 30,000 - 40,000","onlinejobs.ph","https://www.onlinejobs.ph/jobseekers/job/Real-Estate-Virtual-Assistant-REVA-1386824","2025-05-28","Yes"
"Wix / SEO / Social Media / Online Marketing manager Any Greg Dunn • Posted on May 28, 2025 $700+","Greg Dunn","Philippines","$700","onlinejobs.ph","https://www.onlinejobs.ph/jobseekers/job/Wix-SEO-Social-Media-Online-Marketing-manager-1386823","2025-05-28","Yes"
"Custom Installation Design Team Virtual Assistant Full Time Celissa Acosta • Posted on May 28, 2025 PHP32,000 - PHP42,000","Celissa Acosta","Virtual","PHP32,000","onlinejobs.ph","https://www.onlinejobs.ph/jobseekers/job/Custom-Installation-Design-Team-Virtual-Assistant-1386819","2025-05-28","Yes"
"Senior Virtual Assistant Full Time","Hunter Ricks","Virtual","","onlinejobs.ph","https://www.onlinejobs.ph/jobseekers/job/Senior-Virtual-Assistant-1386817","2025-05-28","Yes"
"Virtual Assistant (Marketing, Sales, and Operations) Part Time Josh Pierce • Posted on May 28, 2025 $500/month","Josh Pierce","Virtual","$500/month","onlinejobs.ph","https://www.onlinejobs.ph/jobseekers/job/Virtual-Assistant-Marketing-Sales-and-Operations-1386815","2025-05-28","Yes"
"SEO Specialist Full Time John Harris • Posted on May 28, 2025 $600-$1000","John Harris","Remote","$600-$1000","onlinejobs.ph","https://www.onlinejobs.ph/jobseekers/job/SEO-Specialist-1386814","2025-05-28","Yes"
"Maintenance Hero - Remote Full Time Cube Care Talent Acquisition • Posted on May 28, 2025 Depends on Experience","Cube Care Talent Acquisition","Remote","","onlinejobs.ph","https://www.onlinejobs.ph/jobseekers/job/Maintenance-Hero-Remote-1291123","2025-05-28","Yes"
"Social Media Manager Real Estate Industry – Remote Full Time TAC HR • Posted on May 28, 2025 Php 25,000 - 30,000","TAC HR","Remote","Php 25,000 - 30,000","onlinejobs.ph","https://www.onlinejobs.ph/jobseekers/job/Social-Media-Manager-Real-Estate-Industry-Remote-1370948","2025-05-28","Yes"
"Product Listing VA – Men’s Fashion (Photos, Variants & Descriptions) Part Time Joost aan't Goor • Posted on May 28, 2025 $250","Joost aan't Goor","Virtual","$250","onlinejobs.ph","https://www.onlinejobs.ph/jobseekers/job/Product-Listing-VA-Mens-Fashion-Photos-Variants-Descriptions-1386809","2025-05-28","Yes"
"Real Estate Virtual Assistant Full Time TAC HR • Posted on May 28, 2025 Php 25,000 - 30,000","TAC HR","Virtual","Php 25,000 - 30,000","onlinejobs.ph","https://www.onlinejobs.ph/jobseekers/job/Real-Estate-Virtual-Assistant-1381885","2025-05-28","Yes"
"???? Amazon Graphic Designer – Part-Time / Project-Based (Remote) Part Time Nik Hall • Posted on May 28, 2025 $5/hour","Nik Hall","Remote","$5/hour","onlinejobs.ph","https://www.onlinejobs.ph/jobseekers/job/Amazon-Graphic-Designer-Part-Time-Project-Based-Remote-1386808","2025-05-28","Yes"
"Virtual Assistant for Vehicle Acquisition and Customer Outreach Full Time Mayowa Otubaga • Posted on May 28, 2025 $200-$300","Mayowa Otubaga","Virtual","$200-$300","onlinejobs.ph","https://www.onlinejobs.ph/jobseekers/job/Virtual-Assistant-for-Vehicle-Acquisition-and-Customer-Outreach-1386805","2025-05-28","Yes"
"Client Success Manager Full Time","Lai Jia Li","remote","Php 35,000","onlinejobs.ph","https://www.onlinejobs.ph/jobseekers/job/Client-Success-Manager-1355467","2025-05-28","Yes"
"GoHighLevel Specialist Any","Lai Jia Li","remote","","onlinejobs.ph","https://www.onlinejobs.ph/jobseekers/job/GoHighLevel-Specialist-1371150","2025-05-28","Yes"
"VIdeo Editor Full Time Meera Floy • Posted on May 28, 2025 $960.00","Meera Floy","Remote","$960.00","onlinejobs.ph","https://www.onlinejobs.ph/jobseekers/job/VIdeo-Editor-1386800","2025-05-28","Yes"
"Shift Coordinator Full Time Vristti Jalan • Posted on May 28, 2025 TBD","Vristti Jalan","Remote","","onlinejobs.ph","https://www.onlinejobs.ph/jobseekers/job/Shift-Coordinator-1378862","2025-05-28","Yes"
"Shift Coordinator Full Time Vristti Jalan • Posted on May 28, 2025 $5- $10 hourly","Vristti Jalan","Remote","$5- $10","onlinejobs.ph","https://www.onlinejobs.ph/jobseekers/job/Shift-Coordinator-1386799","2025-05-28","Yes"
"Go High-Level Tech Specialist (Certified or Proven Expert Only) Part Time Jessica • Posted on May 28, 2025 10-12 AUD per hour","Jessica","Remote","","onlinejobs.ph","https://www.onlinejobs.ph/jobseekers/job/Go-High-Level-Tech-Specialist-Certified-or-Proven-Expert-Only-1386796","2025-05-28","Yes"
"Data Entry Specialist Full Time Gavin Villaroman • Posted on May 28, 2025 25000","Gavin Villaroman","remote","","onlinejobs.ph","https://www.onlinejobs.ph/jobseekers/job/Data-Entry-Specialist-1386795","2025-05-28","Yes"
"Lead Video Editor (Future Manager & Channel Partner) Full Time DJ • Posted on May 28, 2025 $1100","DJ","Remote","$1100","onlinejobs.ph","https://www.onlinejobs.ph/jobseekers/job/Lead-Video-Editor-Future-Manager-Channel-Partner-1386794","2025-05-28","Yes"
"Personal Assistant Full Time Simon Sas • Posted on May 28, 2025 160","Simon Sas","remote","","onlinejobs.ph","https://www.onlinejobs.ph/jobseekers/job/Personal-Assistant-1386702","2025-05-28","Yes"
"Facebook Ads Specialist – Funnels, Leads & Low CPLs Part Time","Emmanuel Lao","Remote","$300","onlinejobs.ph","https://www.onlinejobs.ph/jobseekers/job/Facebook-Ads-Specialist-Funnels-Leads-Low-CPLs-1386791","2025-05-28","Yes"
"Virtual Assistant for LLC Reinstatement & Business Credit Setup Any Francisco Ramirez • Posted on May 28, 2025 $200–$400 (this equals $5–$10/hour part-time)","Francisco Ramirez","Virtual","$200","onlinejobs.ph","https://www.onlinejobs.ph/jobseekers/job/Virtual-Assistant-for-LLC-Reinstatement-Business-Credit-Setup-1385843","2025-05-28","Yes"
"Part-Time Native iOS & Android App Developer (Full-Stack Preferred) Part Time Jeff Hubrig • Posted on May 28, 2025 1500","Jeff Hubrig","Remote","","onlinejobs.ph","https://www.onlinejobs.ph/jobseekers/job/Part-Time-Native-iOS-Android-App-Developer-Full-Stack-Preferred-1386784","2025-05-28","Yes"
"Virtual Assistant for a Medical business with editing and Social Media Skills Part Time Skynn MD Medspa • Posted on May 28, 2025","Skynn MD Medspa","Virtual","","onlinejobs.ph","https://www.onlinejobs.ph/jobseekers/job/Virtual-Assistant-for-a-Medical-business-with-editing-and-Social-Media-Skills-1381277","2025-05-28","Yes"
"Hiring: Credit Repair Specialist Full Time Angel • Posted on May 28, 2025 Negotiable","Angel","Remote","","onlinejobs.ph","https://www.onlinejobs.ph/jobseekers/job/Hiring-Credit-Repair-Specialist-1222930","2025-05-28","Yes"
"E-Commerce Senior Bookkeeper / Xero Specialist (US Hours, up to $2,300, Full-Time, Remote) Full Time","Litcessory","Remote","$2,300,","onlinejobs.ph","https://www.onlinejobs.ph/jobseekers/job/E-Commerce-Senior-Bookkeeper-Xero-Specialist-US-Hours-up-to-2300-Full-Time-Remote-1386781","2025-05-28","Yes"
"Marketing & Social Media Virtual Assistant Part Time A Garden of Faith • Posted on May 28, 2025 260","A Garden of Faith","Virtual","","onlinejobs.ph","https://www.onlinejobs.ph/jobseekers/job/Marketing-Social-Media-Virtual-Assistant-1386771","2025-05-28","Yes"
"Short Form Video Creator Full Time florian Beyer • Posted on May 28, 2025 Around 5-10 dollar per video price negotiable","florian Beyer","remote","","onlinejobs.ph","https://www.onlinejobs.ph/jobseekers/job/Short-Form-Video-Creator-1386767","2025-05-28","Yes"
"Strategic Sourcing Agent Full Time Conserva Hiring Team • Posted on May 28, 2025 1000","Conserva Hiring Team","Remote","","onlinejobs.ph","https://www.onlinejobs.ph/jobseekers/job/Strategic-Sourcing-Agent-1381295","2025-05-28","Yes"
"Virtual Assistant Part Time Vittorio Froio • Posted on May 28, 2025 $200 per month","Vittorio Froio","Virtual","$200 per month","onlinejobs.ph","https://www.onlinejobs.ph/jobseekers/job/Virtual-Assistant-1386765","2025-05-28","Yes"
"Paid Advertising Part Time MC Studios • Posted on May 28, 2025 €350","MC Studios","Philippines","","onlinejobs.ph","https://www.onlinejobs.ph/jobseekers/job/Paid-Advertising-1380930","2025-05-28","Yes"
"Short-Form Content Creator for TikTok & Social Media (Fixed + Performance-Based Pay) Gig Kiki • Posted on May 28, 2025 $200","Kiki","Remote","$200","onlinejobs.ph","https://www.onlinejobs.ph/jobseekers/job/Short-Form-Content-Creator-for-TikTok-Social-Media-Fixed-Performance-Based-Pay-1386750","2025-05-28","Yes"
"We’re a growing web design agency looking for a Figma Web Designer to join our remote team. Full Time Yosef • Posted on May 28, 2025 30,000 PHP","Yosef","remote","","onlinejobs.ph","https://www.onlinejobs.ph/jobseekers/job/Were-a-growing-web-design-agency-looking-for-a-Figma-Web-Designer-to-join-our-remote-team-1371275","2025-05-28","Yes"
"Amazon SEO Specialist Full Time","Mauricio Bejarano","Remote","$692 - $865","onlinejobs.ph","https://www.onlinejobs.ph/jobseekers/job/Amazon-SEO-Specialist-1386746","2025-05-28","Yes"
"Experienced VA with Marketing/Social Media Background Part Time Dawn Philips • Posted on May 28, 2025 TBD","Dawn Philips","virtual","","onlinejobs.ph","https://www.onlinejobs.ph/jobseekers/job/Experienced-VA-with-MarketingSocial-Media-Background-1386743","2025-05-28","Yes"
"Sales and Customer Service Specialist Full Time Andrew Ashton • Posted on May 28, 2025 Competitive | Based on skills & experiences | TBD","Andrew Ashton","Remote","","onlinejobs.ph","https://www.onlinejobs.ph/jobseekers/job/Sales-and-Customer-Service-Specialist-1357623","2025-05-28","Yes"
"Generalist VA Wanted - Must Be Skilled at Data Entry, SOPs & Light Automations Part Time Ciaran Keady • Posted on May 28, 2025 $300 - $700 a month","Ciaran Keady","Virtual","$300 - $700","onlinejobs.ph","https://www.onlinejobs.ph/jobseekers/job/Generalist-VA-Wanted-Must-Be-Skilled-at-Data-Entry-SOPs-Light-Automations-1386735","2025-05-28","Yes"
"Accountant Any Pao Fortich • Posted on May 28, 2025 Starts at $5/hr","Pao Fortich","Remote","$5/hr","onlinejobs.ph","https://www.onlinejobs.ph/jobseekers/job/Accountant-1386734","2025-05-28","Yes"
"Remote PHP/JavaScript Developer (Part-Time | $8/hr | Evening PH Time) Gig Paul Colquhoun • Posted on May 28, 2025 $8 per hour","Paul Colquhoun","Remote","$8/hr","onlinejobs.ph","https://www.onlinejobs.ph/jobseekers/job/Remote-PHPJavaScript-Developer-Part-Time-8hr-Evening-PH-Time-1386732","2025-05-28","Yes"
"Online receptionist for uk Full Time Madalina Balas • Posted on May 28, 2025 £250","Madalina Balas","Philippines","","onlinejobs.ph","https://www.onlinejobs.ph/jobseekers/job/Online-receptionist-for-uk-1386725","2025-05-28","Yes"
"Virtual Assistant Full Time StepFuture • Posted on May 28, 2025 $1000","StepFuture","Virtual","$1000","onlinejobs.ph","https://www.onlinejobs.ph/jobseekers/job/Virtual-Assistant-1386720","2025-05-28","Yes"
"Amazon Virtual Assistant - SEO, PPC and Listing Management Full Time Cristine • Posted on May 28, 2025 TBD (based on skills/experience)","Cristine","Virtual","","onlinejobs.ph","https://www.onlinejobs.ph/jobseekers/job/Amazon-Virtual-Assistant-SEO-PPC-and-Listing-Management-1375800","2025-05-28","Yes"
"Editor Part Time Natalie Suto • Posted on May 28, 2025 $1000","Natalie Suto","virtual","$1000","onlinejobs.ph","https://www.onlinejobs.ph/jobseekers/job/Editor-1386719","2025-05-28","Yes"
"FULL-TIME CUSTOMER SUCCESS ROCKSTAR & VIRTUAL ASSISTANT Full Time Laneza Rimando • Posted on May 28, 2025 USD 500 - USD 800","Laneza Rimando","VIRTUAL","USD 500","onlinejobs.ph","https://www.onlinejobs.ph/jobseekers/job/FULL-TIME-CUSTOMER-SUCCESS-ROCKSTAR-VIRTUAL-ASSISTANT-1371572","2025-05-28","Yes"
"Dispatcher Full Time HR- Camille • Posted on May 28, 2025 8 USD per hour","HR- Camille","Philippines","","onlinejobs.ph","https://www.onlinejobs.ph/jobseekers/job/Dispatcher-1380374","2025-05-28","Yes"
"Go High Level CRM Expert Full Time HR- Camille • Posted on May 28, 2025 8 USD per hour","HR- Camille","Virtual","","onlinejobs.ph","https://www.onlinejobs.ph/jobseekers/job/Go-High-Level-CRM-Expert-1146224","2025-05-28","Yes"
"Video Editor with Figma, Blender skills Full Time Yram Zianra • Posted on May 28, 2025 60000","Yram Zianra","Remote","","onlinejobs.ph","https://www.onlinejobs.ph/jobseekers/job/Video-Editor-with-Figma-Blender-skills-1386716","2025-05-28","Yes"
"Virtual Assistant with Sales Experience Full Time Ste • Posted on May 28, 2025 $714","Ste","Virtual","$714","onlinejobs.ph","https://www.onlinejobs.ph/jobseekers/job/Virtual-Assistant-with-Sales-Experience-1386714","2025-05-28","Yes"
"Virtual Assistant Full Time Ryan • Posted on May 28, 2025 $750/mo","Ryan","Virtual","$750","onlinejobs.ph","https://www.onlinejobs.ph/jobseekers/job/Virtual-Assistant-1377768","2025-05-28","Yes"
"Sales Support– Full Time Remote (Doer Signs) Full Time","Chareadiv Abangan","Remote","$1000","onlinejobs.ph","https://www.onlinejobs.ph/jobseekers/job/Sales-Support-Full-Time-Remote-Doer-Signs-1329365","2025-05-28","Yes"
"Digital Marketing Specialist Full Time TGS LLC • Posted on May 28, 2025 25,000 - 40,000 (negotiable)","TGS LLC","virtual","","onlinejobs.ph","https://www.onlinejobs.ph/jobseekers/job/Digital-Marketing-Specialist-1368669","2025-05-28","Yes"
"Shopify Order Fulfillment VA (for pooling) Full Time Eris Cuntapay • Posted on May 28, 2025 $4/hour","Eris Cuntapay","Virtual","$4/hour","onlinejobs.ph","https://www.onlinejobs.ph/jobseekers/job/Shopify-Order-Fulfillment-VA-for-pooling-1386709","2025-05-28","Yes"
"Senior Laravel & VueJS Developer (Remote - Philippines) Any KarenE • Posted on May 28, 2025 Competitive / Premium","KarenE","Remote","","onlinejobs.ph","https://www.onlinejobs.ph/jobseekers/job/Senior-Laravel-VueJS-Developer-Remote-Philippines-1323280","2025-05-28","Yes"
"HR Assistant with Expertise in USA HR Processes Full Time Ashley Mill • Posted on May 28, 2025 800","Ashley Mill","Remote","","onlinejobs.ph","https://www.onlinejobs.ph/jobseekers/job/HR-Assistant-with-Expertise-in-USA-HR-Processes-1315467","2025-05-28","Yes"
"Online English Teachers (Near-Native Accent) Any sarah zhao • Posted on May 28, 2025 US$ 3-4","sarah zhao","Philippines","","onlinejobs.ph","https://www.onlinejobs.ph/jobseekers/job/Online-English-Teachers-Near-Native-Accent-1263632","2025-05-28","Yes"
"Sales Support Specialist Full Time Andrew Ashton • Posted on May 28, 2025 Competitive | Based on skills & experiences | TBD","Andrew Ashton","Remote","","onlinejobs.ph","https://www.onlinejobs.ph/jobseekers/job/Sales-Support-Specialist-1366571","2025-05-28","Yes"
"Sales & Marketing Admin Role Any Marie Amargo • Posted on May 28, 2025 $6 per hour","Marie Amargo","Remote","$6 per hour","onlinejobs.ph","https://www.onlinejobs.ph/jobseekers/job/Sales-Marketing-Admin-Role-1386705","2025-05-28","Yes"
"Mailchimp Newsletter Specialist Virtual Assistant Part Time My Bautista • Posted on May 28, 2025 $200 per month","My Bautista","Virtual","$200 per month","onlinejobs.ph","https://www.onlinejobs.ph/jobseekers/job/Mailchimp-Newsletter-Specialist-Virtual-Assistant-1386695","2025-05-28","Yes"
"Recruitment Specialist - Mass Hiring Full Time Tetiana Koriahina • Posted on May 28, 2025 1500 USD","Tetiana Koriahina","Remote","","onlinejobs.ph","https://www.onlinejobs.ph/jobseekers/job/Recruitment-Specialist-Mass-Hiring-1386693","2025-05-28","Yes"
"Virtual Assistant Part Time Thea • Posted on May 28, 2025 PHP 20000/MONTH","Thea","Virtual","PHP 20000","onlinejobs.ph","https://www.onlinejobs.ph/jobseekers/job/Virtual-Assistant-1386689","2025-05-28","Yes"