URL,Deleted At,Original Title,Original Company
"https://www.clickclickjob.com/jobs/683c4ea744abe4d1de8a8d25","2026-01-05T23:23:53.325Z","N/A","N/A"
"https://www.clickclickjob.com/jobs/683da14fba2b958c334e4005","2026-01-05T23:23:53.113Z","N/A","N/A"
"https://www.clickclickjob.com/jobs/6840f768e36144d33021e3ca","2026-01-05T23:23:52.898Z","N/A","N/A"
"https://www.clickclickjob.com/jobs/683da14fba2b958c334e4004","2026-01-05T23:23:52.680Z","N/A","N/A"
"https://www.clickclickjob.com/jobs/683da14fba2b958c334e3e9e","2026-01-05T23:23:52.465Z","N/A","N/A"
"https://www.clickclickjob.com/jobs/683d0a36f38e8303646644b3","2026-01-05T23:23:52.250Z","N/A","N/A"
"https://www.clickclickjob.com/jobs/683da14fba2b958c334e3ea6","2026-01-05T23:23:52.038Z","N/A","N/A"
"https://www.clickclickjob.com/jobs/683da14fba2b958c334e4025","2026-01-05T23:23:51.823Z","N/A","N/A"
"https://www.clickclickjob.com/jobs/683da14fba2b958c334e3e95","2026-01-05T23:23:51.609Z","N/A","N/A"
"https://www.clickclickjob.com/jobs/683da14dba2b958c334e3b59","2026-01-05T23:23:51.394Z","N/A","N/A"
"https://www.clickclickjob.com/jobs/683d0a37f38e830364664554","2026-01-05T23:23:51.180Z","N/A","N/A"
"https://www.clickclickjob.com/jobs/683bbd5e0b4e7a118422520e","2026-01-05T23:23:50.963Z","N/A","N/A"
"https://www.clickclickjob.com/jobs/683da14fba2b958c334e3ef6","2026-01-05T23:23:50.748Z","N/A","N/A"
"https://www.clickclickjob.com/jobs/6850c9ff7f1de0da9d9b49d4","2026-01-05T23:23:50.534Z","N/A","N/A"
"https://www.clickclickjob.com/jobs/683d0a37f38e830364664668","2026-01-05T23:23:50.316Z","N/A","N/A"
"https://www.clickclickjob.com/jobs/683d0a37f38e83036466457e","2026-01-05T23:23:50.102Z","N/A","N/A"
"https://www.clickclickjob.com/jobs/683da14eba2b958c334e3e49","2026-01-05T23:23:49.886Z","N/A","N/A"
"https://www.clickclickjob.com/jobs/683bbd620b4e7a1184225651","2026-01-05T23:23:49.671Z","N/A","N/A"
"https://www.clickclickjob.com/jobs/683da14fba2b958c334e4006","2026-01-05T23:23:49.455Z","N/A","N/A"
"https://www.clickclickjob.com/jobs/683da14fba2b958c334e3e83","2026-01-05T23:23:49.238Z","N/A","N/A"
"https://www.clickclickjob.com/jobs/683da14fba2b958c334e4039","2026-01-05T23:23:49.023Z","N/A","N/A"
"https://www.clickclickjob.com/jobs/683da14fba2b958c334e3edc","2026-01-05T23:23:48.805Z","N/A","N/A"
"https://www.clickclickjob.com/jobs/685bd1462ac39e3b087e69be","2026-01-05T23:23:48.592Z","N/A","N/A"
"https://www.clickclickjob.com/jobs/685bd1462ac39e3b087e6952","2026-01-05T23:23:48.378Z","N/A","N/A"
"https://www.clickclickjob.com/jobs/685bd1462ac39e3b087e6a69","2026-01-05T23:23:48.163Z","N/A","N/A"
"https://www.clickclickjob.com/jobs/683bbd620b4e7a1184225697","2026-01-05T23:23:47.948Z","N/A","N/A"
"https://www.clickclickjob.com/jobs/685bd1462ac39e3b087e6a52","2026-01-05T23:23:47.521Z","N/A","N/A"
"https://www.clickclickjob.com/jobs/685bd1462ac39e3b087e69c0","2026-01-05T23:23:47.305Z","N/A","N/A"
"https://www.clickclickjob.com/jobs/683bbd630b4e7a11842257b5","2026-01-05T23:23:47.091Z","N/A","N/A"
"https://www.clickclickjob.com/jobs/683da14fba2b958c334e3fcb","2026-01-05T23:23:46.876Z","N/A","N/A"
"https://www.clickclickjob.com/jobs/683da14eba2b958c334e3de2","2026-01-05T23:23:46.661Z","N/A","N/A"
"https://www.clickclickjob.com/jobs/685bd1462ac39e3b087e699e","2026-01-05T23:23:46.445Z","N/A","N/A"
"https://www.clickclickjob.com/jobs/685bd1462ac39e3b087e6a51","2026-01-05T23:23:46.230Z","N/A","N/A"
"https://www.clickclickjob.com/jobs/683bbd600b4e7a11842252fb","2026-01-05T23:23:45.803Z","N/A","N/A"
"https://www.clickclickjob.com/jobs/685bd1462ac39e3b087e69c1","2026-01-05T23:23:45.591Z","N/A","N/A"
"https://www.clickclickjob.com/jobs/683bbd620b4e7a1184225655","2026-01-05T23:23:45.379Z","N/A","N/A"
"https://www.clickclickjob.com/jobs/685bd1462ac39e3b087e6953","2026-01-05T23:23:44.954Z","N/A","N/A"
"https://www.clickclickjob.com/jobs/685bd1462ac39e3b087e6958","2026-01-05T23:23:44.743Z","N/A","N/A"
"https://www.clickclickjob.com/jobs/683da14fba2b958c334e3fe3","2026-01-05T23:23:44.533Z","N/A","N/A"
"https://www.clickclickjob.com/jobs/683da14eba2b958c334e3d2a","2026-01-05T23:23:44.320Z","N/A","N/A"
"https://www.clickclickjob.com/jobs/683da14dba2b958c334e3b88","2026-01-05T23:23:44.109Z","N/A","N/A"
"https://www.clickclickjob.com/jobs/685bd1462ac39e3b087e69ed","2026-01-05T23:23:43.895Z","N/A","N/A"
"https://www.clickclickjob.com/jobs/683da14fba2b958c334e4000","2026-01-05T23:23:43.681Z","N/A","N/A"
"https://www.clickclickjob.com/jobs/683da14fba2b958c334e3fb0","2026-01-05T23:23:43.468Z","N/A","N/A"
"https://www.clickclickjob.com/jobs/683da14fba2b958c334e3f79","2026-01-05T23:23:43.251Z","N/A","N/A"
"https://www.clickclickjob.com/jobs/683da14eba2b958c334e3d0b","2026-01-05T23:23:43.029Z","N/A","N/A"
"https://www.clickclickjob.com/jobs/683da14eba2b958c334e3ce7","2026-01-05T23:23:42.814Z","N/A","N/A"
"https://www.clickclickjob.com/jobs/683da14dba2b958c334e3ba7","2026-01-05T23:23:42.601Z","N/A","N/A"
"https://www.clickclickjob.com/jobs/683d0a36f38e83036466453e","2026-01-05T23:23:42.387Z","N/A","N/A"
"https://www.clickclickjob.com/jobs/683da14fba2b958c334e3f27","2026-01-05T23:23:42.175Z","N/A","N/A"
"https://www.clickclickjob.com/jobs/683da14dba2b958c334e3b3a","2026-01-05T23:23:41.959Z","N/A","N/A"
"https://www.clickclickjob.com/jobs/683da14eba2b958c334e3cc3","2026-01-05T23:23:41.746Z","N/A","N/A"
"https://www.clickclickjob.com/jobs/683da14dba2b958c334e3c22","2026-01-05T23:23:41.530Z","N/A","N/A"
"https://www.clickclickjob.com/jobs/683da14dba2b958c334e3c24","2026-01-05T23:23:41.316Z","N/A","N/A"
"https://www.clickclickjob.com/jobs/683c4ea844abe4d1de8a8e79","2026-01-05T23:23:41.096Z","N/A","N/A"
"https://www.clickclickjob.com/jobs/683da14eba2b958c334e3d07","2026-01-05T23:23:40.881Z","N/A","N/A"
"https://www.clickclickjob.com/jobs/683da14fba2b958c334e3f26","2026-01-05T23:23:40.662Z","N/A","N/A"
"https://www.clickclickjob.com/jobs/683da14dba2b958c334e3b38","2026-01-05T23:23:40.447Z","N/A","N/A"
"https://www.clickclickjob.com/jobs/683da14fba2b958c334e3f29","2026-01-05T23:23:40.233Z","N/A","N/A"
"https://www.clickclickjob.com/jobs/683da14dba2b958c334e3bbc","2026-01-05T23:23:40.019Z","N/A","N/A"
"https://www.clickclickjob.com/jobs/683da14dba2b958c334e3c01","2026-01-05T23:23:39.804Z","N/A","N/A"
"https://www.clickclickjob.com/jobs/683da14dba2b958c334e3bc2","2026-01-05T23:23:39.589Z","N/A","N/A"
"https://www.clickclickjob.com/jobs/683da14fba2b958c334e4029","2026-01-05T23:23:39.372Z","N/A","N/A"
"https://www.clickclickjob.com/jobs/683da14eba2b958c334e3dd5","2026-01-05T23:23:39.158Z","N/A","N/A"
"https://www.clickclickjob.com/jobs/683da14dba2b958c334e3be0","2026-01-05T23:23:38.941Z","N/A","N/A"
"https://www.clickclickjob.com/jobs/683da14dba2b958c334e3c2c","2026-01-05T23:23:38.728Z","N/A","N/A"
"https://www.clickclickjob.com/jobs/683da14dba2b958c334e3bfd","2026-01-05T23:23:38.509Z","N/A","N/A"
"https://www.clickclickjob.com/jobs/6872b48baec91b61d00f783d","2026-01-05T23:23:38.299Z","N/A","N/A"
"https://www.clickclickjob.com/jobs/685bd1462ac39e3b087e6a23","2026-01-05T23:23:38.088Z","N/A","N/A"
"https://www.clickclickjob.com/jobs/683da14eba2b958c334e3e07","2026-01-05T23:23:37.872Z","N/A","N/A"
"https://www.clickclickjob.com/jobs/683da14dba2b958c334e3bda","2026-01-05T23:23:37.652Z","N/A","N/A"
"https://www.clickclickjob.com/jobs/683da14bba2b958c334e3ae7","2026-01-05T23:23:37.438Z","N/A","N/A"
"https://www.clickclickjob.com/jobs/683da14eba2b958c334e3cb4","2026-01-05T23:23:37.223Z","N/A","N/A"
"https://www.clickclickjob.com/jobs/683da14dba2b958c334e3c29","2026-01-05T23:23:37.007Z","N/A","N/A"
"https://www.clickclickjob.com/jobs/683da14dba2b958c334e3b11","2026-01-05T23:23:36.794Z","N/A","N/A"
"https://www.clickclickjob.com/jobs/683da14dba2b958c334e3b65","2026-01-05T23:23:36.575Z","N/A","N/A"
"https://www.clickclickjob.com/jobs/683da150ba2b958c334e408c","2026-01-05T23:23:36.355Z","N/A","N/A"
"https://www.clickclickjob.com/jobs/683da14fba2b958c334e401c","2026-01-05T23:23:36.141Z","N/A","N/A"
"https://www.clickclickjob.com/jobs/683da14eba2b958c334e3e10","2026-01-05T23:23:35.924Z","N/A","N/A"
"https://www.clickclickjob.com/jobs/683da14dba2b958c334e3c3c","2026-01-05T23:23:35.713Z","N/A","N/A"
"https://www.clickclickjob.com/jobs/683da14fba2b958c334e4048","2026-01-05T23:23:35.499Z","N/A","N/A"
"https://www.clickclickjob.com/jobs/683da14fba2b958c334e3f74","2026-01-05T23:23:35.283Z","N/A","N/A"
"https://www.clickclickjob.com/jobs/683da14dba2b958c334e3b39","2026-01-05T23:23:35.066Z","N/A","N/A"
"https://www.clickclickjob.com/jobs/683da14dba2b958c334e3b1a","2026-01-05T23:23:34.853Z","N/A","N/A"
"https://www.clickclickjob.com/jobs/683da14fba2b958c334e3efb","2026-01-05T23:23:34.639Z","N/A","N/A"
"https://www.clickclickjob.com/jobs/683da14eba2b958c334e3ce9","2026-01-05T23:23:34.425Z","N/A","N/A"
"https://www.clickclickjob.com/jobs/683da14dba2b958c334e3c75","2026-01-05T23:23:34.209Z","N/A","N/A"
"https://www.clickclickjob.com/jobs/683da14dba2b958c334e3b42","2026-01-05T23:23:33.996Z","N/A","N/A"
"https://www.clickclickjob.com/jobs/683da14fba2b958c334e4049","2026-01-05T23:23:33.784Z","N/A","N/A"
"https://www.clickclickjob.com/jobs/683da14dba2b958c334e3b76","2026-01-05T23:23:33.567Z","N/A","N/A"
"https://www.clickclickjob.com/jobs/683da14eba2b958c334e3de0","2026-01-05T23:23:33.352Z","N/A","N/A"
"https://www.clickclickjob.com/jobs/683da14dba2b958c334e3c6b","2026-01-05T23:23:33.142Z","N/A","N/A"
"https://www.clickclickjob.com/jobs/683da14fba2b958c334e405f","2026-01-05T23:23:32.924Z","N/A","N/A"
"https://www.clickclickjob.com/jobs/683da14dba2b958c334e3bfe","2026-01-05T23:23:32.708Z","N/A","N/A"
"https://www.clickclickjob.com/jobs/683da14dba2b958c334e3b1d","2026-01-05T23:23:32.494Z","N/A","N/A"
"https://www.clickclickjob.com/jobs/683da14dba2b958c334e3b12","2026-01-05T23:23:32.266Z","N/A","N/A"
"https://www.clickclickjob.com/jobs/683da14dba2b958c334e3b66","2026-01-05T23:23:32.045Z","N/A","N/A"
"https://www.clickclickjob.com/jobs/683da14eba2b958c334e3e12","2026-01-05T23:23:31.834Z","N/A","N/A"
"https://www.clickclickjob.com/jobs/683da14dba2b958c334e3b67","2026-01-05T23:23:31.616Z","N/A","N/A"
"https://www.clickclickjob.com/jobs/683da14dba2b958c334e3b89","2026-01-05T23:23:31.403Z","N/A","N/A"
"https://www.clickclickjob.com/jobs/683da14fba2b958c334e4016","2026-01-05T23:23:31.189Z","N/A","N/A"
"https://www.clickclickjob.com/jobs/683da14eba2b958c334e3e2c","2026-01-05T23:23:30.972Z","N/A","N/A"
"https://www.clickclickjob.com/jobs/683da14dba2b958c334e3c6f","2026-01-05T23:23:30.756Z","N/A","N/A"
"https://www.clickclickjob.com/jobs/683da14dba2b958c334e3b68","2026-01-05T23:23:30.543Z","N/A","N/A"
"https://www.clickclickjob.com/jobs/683da14eba2b958c334e3d49","2026-01-05T23:23:30.327Z","N/A","N/A"
"https://www.clickclickjob.com/jobs/683da14dba2b958c334e3c77","2026-01-05T23:23:30.116Z","N/A","N/A"
"https://www.clickclickjob.com/jobs/683da14dba2b958c334e3c43","2026-01-05T23:23:29.903Z","N/A","N/A"
"https://www.clickclickjob.com/jobs/6840f768e36144d33021e562","2026-01-05T23:23:29.687Z","N/A","N/A"
"https://www.clickclickjob.com/jobs/683da14dba2b958c334e3bff","2026-01-05T23:23:29.462Z","N/A","N/A"
"https://www.clickclickjob.com/jobs/683da14bba2b958c334e3aec","2026-01-05T23:23:29.250Z","N/A","N/A"
"https://www.clickclickjob.com/jobs/683da14eba2b958c334e3d09","2026-01-05T23:23:29.039Z","N/A","N/A"
"https://www.clickclickjob.com/jobs/683da14fba2b958c334e4032","2026-01-05T23:23:28.823Z","N/A","N/A"
"https://www.clickclickjob.com/jobs/683da14eba2b958c334e3e3b","2026-01-05T23:23:28.607Z","N/A","N/A"
"https://www.clickclickjob.com/jobs/683da14dba2b958c334e3b36","2026-01-05T23:23:28.376Z","N/A","N/A"
"https://www.clickclickjob.com/jobs/683da14fba2b958c334e4014","2026-01-05T23:23:28.156Z","N/A","N/A"
"https://www.clickclickjob.com/jobs/683da14eba2b958c334e3d08","2026-01-05T23:23:27.910Z","N/A","N/A"
"https://www.clickclickjob.com/jobs/683da14dba2b958c334e3c05","2026-01-05T23:23:27.697Z","N/A","N/A"
"https://www.clickclickjob.com/jobs/683da14dba2b958c334e3b44","2026-01-05T23:23:27.484Z","N/A","N/A"
"https://www.clickclickjob.com/jobs/683da14dba2b958c334e3c41","2026-01-05T23:23:27.268Z","N/A","N/A"
"https://www.clickclickjob.com/jobs/683da14fba2b958c334e3f6f","2026-01-05T23:23:27.054Z","N/A","N/A"
"https://www.clickclickjob.com/jobs/683da14eba2b958c334e3d0a","2026-01-05T23:23:26.836Z","N/A","N/A"
"https://www.clickclickjob.com/jobs/683da14dba2b958c334e3c72","2026-01-05T23:23:26.615Z","N/A","N/A"
"https://www.clickclickjob.com/jobs/683da150ba2b958c334e4085","2026-01-05T23:23:26.394Z","N/A","N/A"
"https://www.clickclickjob.com/jobs/683da14fba2b958c334e405a","2026-01-05T23:23:26.179Z","N/A","N/A"
"https://www.clickclickjob.com/jobs/683da14eba2b958c334e3cb1","2026-01-05T23:23:25.959Z","N/A","N/A"
"https://www.clickclickjob.com/jobs/683da14fba2b958c334e4061","2026-01-05T23:23:25.743Z","N/A","N/A"
"https://www.clickclickjob.com/jobs/683da14fba2b958c334e3f28","2026-01-05T23:23:25.525Z","N/A","N/A"
"https://www.clickclickjob.com/jobs/683da14fba2b958c334e3ec5","2026-01-05T23:23:25.313Z","N/A","N/A"
"https://www.clickclickjob.com/jobs/683da14eba2b958c334e3e6b","2026-01-05T23:23:25.095Z","N/A","N/A"
"https://www.clickclickjob.com/jobs/683da14eba2b958c334e3db6","2026-01-05T23:23:24.881Z","N/A","N/A"
"https://www.clickclickjob.com/jobs/683da14eba2b958c334e3d73","2026-01-05T23:23:24.667Z","N/A","N/A"
"https://www.clickclickjob.com/jobs/683da14eba2b958c334e3d01","2026-01-05T23:23:24.451Z","N/A","N/A"
"https://www.clickclickjob.com/jobs/683da14dba2b958c334e3c70","2026-01-05T23:23:24.237Z","N/A","N/A"
"https://www.clickclickjob.com/jobs/683da14dba2b958c334e3c46","2026-01-05T23:23:24.023Z","N/A","N/A"
"https://www.clickclickjob.com/jobs/683da14dba2b958c334e3c3b","2026-01-05T23:23:23.799Z","N/A","N/A"
"https://www.clickclickjob.com/jobs/683da14dba2b958c334e3c27","2026-01-05T23:23:23.585Z","N/A","N/A"
"https://www.clickclickjob.com/jobs/683da14dba2b958c334e3c1d","2026-01-05T23:23:23.371Z","N/A","N/A"
"https://www.clickclickjob.com/jobs/683da14dba2b958c334e3b1f","2026-01-05T23:23:23.157Z","N/A","N/A"
"https://www.clickclickjob.com/jobs/683bbd610b4e7a11842255a2","2026-01-05T23:23:22.940Z","N/A","N/A"
"https://www.clickclickjob.com/jobs/683bbd610b4e7a118422543a","2026-01-05T23:23:22.724Z","N/A","N/A"
"https://www.clickclickjob.com/jobs/683da14eba2b958c334e3de8","2026-01-05T23:23:22.508Z","N/A","N/A"
"https://www.clickclickjob.com/jobs/683d0a36f38e8303646644a5","2026-01-05T23:23:22.287Z","N/A","N/A"
"https://www.clickclickjob.com/jobs/683d0a37f38e830364664611","2026-01-05T23:23:22.071Z","N/A","N/A"
"https://www.clickclickjob.com/jobs/683da14bba2b958c334e3ae6","2026-01-05T23:23:21.856Z","N/A","N/A"
"https://www.clickclickjob.com/jobs/683da14fba2b958c334e406b","2026-01-05T23:23:21.640Z","N/A","N/A"
"https://www.clickclickjob.com/jobs/683da14eba2b958c334e3e11","2026-01-05T23:23:21.418Z","N/A","N/A"
"https://www.clickclickjob.com/jobs/683da14dba2b958c334e3c73","2026-01-05T23:23:21.204Z","N/A","N/A"
"https://www.clickclickjob.com/jobs/683da14dba2b958c334e3ba6","2026-01-05T23:23:20.991Z","N/A","N/A"
"https://www.clickclickjob.com/jobs/683bbd620b4e7a11842256d4","2026-01-05T23:23:20.769Z","N/A","N/A"
"https://www.clickclickjob.com/jobs/683da14bba2b958c334e3aad","2026-01-05T23:23:20.550Z","N/A","N/A"
"https://www.clickclickjob.com/jobs/683da150ba2b958c334e406e","2026-01-05T23:23:20.335Z","N/A","N/A"
"https://www.clickclickjob.com/jobs/683da14fba2b958c334e4031","2026-01-05T23:23:20.118Z","N/A","N/A"
"https://www.clickclickjob.com/jobs/683da14fba2b958c334e4030","2026-01-05T23:23:19.891Z","N/A","N/A"
"https://www.clickclickjob.com/jobs/683da14eba2b958c334e3d4a","2026-01-05T23:23:19.664Z","N/A","N/A"
"https://www.clickclickjob.com/jobs/683da14fba2b958c334e402a","2026-01-05T23:23:19.447Z","N/A","N/A"
"https://www.clickclickjob.com/jobs/683da14dba2b958c334e3b58","2026-01-05T23:23:19.230Z","N/A","N/A"
"https://www.clickclickjob.com/jobs/683da14dba2b958c334e3b19","2026-01-05T23:23:19.010Z","N/A","N/A"
"https://www.clickclickjob.com/jobs/683da14dba2b958c334e3c84","2026-01-05T23:23:18.788Z","N/A","N/A"
"https://www.clickclickjob.com/jobs/683da14bba2b958c334e3ae9","2026-01-05T23:23:18.573Z","N/A","N/A"
"https://www.clickclickjob.com/jobs/683da14fba2b958c334e3eb8","2026-01-05T23:23:18.357Z","N/A","N/A"
"https://www.clickclickjob.com/jobs/683da150ba2b958c334e408b","2026-01-05T23:23:18.133Z","N/A","N/A"
"https://www.clickclickjob.com/jobs/683da150ba2b958c334e406f","2026-01-05T23:23:17.912Z","N/A","N/A"
"https://www.clickclickjob.com/jobs/683da14fba2b958c334e406d","2026-01-05T23:23:17.693Z","N/A","N/A"
"https://www.clickclickjob.com/jobs/683da14fba2b958c334e3f5e","2026-01-05T23:23:17.475Z","N/A","N/A"
"https://www.clickclickjob.com/jobs/683da14eba2b958c334e3d8e","2026-01-05T23:23:17.258Z","N/A","N/A"
"https://www.clickclickjob.com/jobs/683bbd620b4e7a11842256cf","2026-01-05T23:23:17.042Z","N/A","N/A"
"https://www.clickclickjob.com/jobs/683da14eba2b958c334e3e0e","2026-01-05T23:23:16.821Z","N/A","N/A"
"https://www.clickclickjob.com/jobs/683da14dba2b958c334e3bc5","2026-01-05T23:23:16.606Z","N/A","N/A"
"https://www.clickclickjob.com/jobs/683da14dba2b958c334e3b41","2026-01-05T23:23:16.379Z","N/A","N/A"
"https://www.clickclickjob.com/jobs/683da14fba2b958c334e3f2c","2026-01-05T23:23:16.158Z","N/A","N/A"
"https://www.clickclickjob.com/jobs/683da14fba2b958c334e3eb7","2026-01-05T23:23:15.934Z","N/A","N/A"
"https://www.clickclickjob.com/jobs/683da14eba2b958c334e3e3c","2026-01-05T23:23:15.715Z","N/A","N/A"
"https://www.clickclickjob.com/jobs/683da14eba2b958c334e3d06","2026-01-05T23:23:15.482Z","N/A","N/A"
"https://www.clickclickjob.com/jobs/683da14dba2b958c334e3c74","2026-01-05T23:23:15.252Z","N/A","N/A"
"https://www.clickclickjob.com/jobs/683da14dba2b958c334e3c63","2026-01-05T23:23:14.990Z","N/A","N/A"
"https://www.clickclickjob.com/jobs/683da14dba2b958c334e3bc1","2026-01-05T23:23:14.772Z","N/A","N/A"
"https://www.clickclickjob.com/jobs/683da14dba2b958c334e3ba5","2026-01-05T23:23:14.555Z","N/A","N/A"
"https://www.clickclickjob.com/jobs/683da14dba2b958c334e3b8a","2026-01-05T23:23:14.326Z","N/A","N/A"
"https://www.clickclickjob.com/jobs/683da14dba2b958c334e3b87","2026-01-05T23:23:14.112Z","N/A","N/A"
"https://www.clickclickjob.com/jobs/683da14dba2b958c334e3b37","2026-01-05T23:23:13.896Z","N/A","N/A"
"https://www.clickclickjob.com/jobs/683da14fba2b958c334e4051","2026-01-05T23:23:13.684Z","N/A","N/A"
"https://www.clickclickjob.com/jobs/683da14eba2b958c334e3d6d","2026-01-05T23:23:13.473Z","N/A","N/A"
"https://www.clickclickjob.com/jobs/683da14eba2b958c334e3ca4","2026-01-05T23:23:13.248Z","N/A","N/A"
"https://www.clickclickjob.com/jobs/683da14bba2b958c334e3a97","2026-01-05T23:23:13.031Z","N/A","N/A"
"https://www.clickclickjob.com/jobs/683da14fba2b958c334e3f71","2026-01-05T23:23:12.815Z","N/A","N/A"
"https://www.clickclickjob.com/jobs/683da14eba2b958c334e3e5c","2026-01-05T23:23:12.597Z","N/A","N/A"
"https://www.clickclickjob.com/jobs/683da14dba2b958c334e3c48","2026-01-05T23:23:12.372Z","N/A","N/A"
"https://www.clickclickjob.com/jobs/683da14dba2b958c334e3b3e","2026-01-05T23:23:12.159Z","N/A","N/A"
"https://www.clickclickjob.com/jobs/683da14fba2b958c334e4003","2026-01-05T23:23:11.946Z","N/A","N/A"
"https://www.clickclickjob.com/jobs/683da14fba2b958c334e3f72","2026-01-05T23:23:11.727Z","N/A","N/A"
"https://www.clickclickjob.com/jobs/683da14eba2b958c334e3e06","2026-01-05T23:23:11.507Z","N/A","N/A"
"https://www.clickclickjob.com/jobs/683da14dba2b958c334e3b35","2026-01-05T23:23:11.290Z","N/A","N/A"
"https://www.clickclickjob.com/jobs/683da14fba2b958c334e3fb8","2026-01-05T23:23:11.072Z","N/A","N/A"
"https://www.clickclickjob.com/jobs/683da14fba2b958c334e3f68","2026-01-05T23:23:10.847Z","N/A","N/A"
"https://www.clickclickjob.com/jobs/683da14dba2b958c334e3b40","2026-01-05T23:23:10.624Z","N/A","N/A"
"https://www.clickclickjob.com/jobs/683da14eba2b958c334e3d58","2026-01-05T23:23:10.408Z","N/A","N/A"
"https://www.clickclickjob.com/jobs/683da14eba2b958c334e3d70","2026-01-05T23:23:10.190Z","N/A","N/A"
"https://www.clickclickjob.com/jobs/683da14dba2b958c334e3c79","2026-01-05T23:23:09.974Z","N/A","N/A"
"https://www.clickclickjob.com/jobs/683da14bba2b958c334e3aea","2026-01-05T23:23:09.752Z","N/A","N/A"
"https://www.clickclickjob.com/jobs/683da14fba2b958c334e3e7f","2026-01-05T23:23:09.533Z","N/A","N/A"
"https://www.clickclickjob.com/jobs/683da14eba2b958c334e3ded","2026-01-05T23:23:09.313Z","N/A","N/A"
"https://www.clickclickjob.com/jobs/683da14eba2b958c334e3dd1","2026-01-05T23:23:09.090Z","N/A","N/A"
"https://www.clickclickjob.com/jobs/683da14bba2b958c334e3aa1","2026-01-05T23:23:08.838Z","N/A","N/A"
"https://www.clickclickjob.com/jobs/683da14dba2b958c334e3b43","2026-01-05T23:23:08.617Z","N/A","N/A"
"https://www.clickclickjob.com/jobs/683da14fba2b958c334e3f70","2026-01-05T23:23:08.400Z","N/A","N/A"
"https://www.clickclickjob.com/jobs/683da14dba2b958c334e3b3d","2026-01-05T23:23:08.182Z","N/A","N/A"
"https://www.clickclickjob.com/jobs/683da14eba2b958c334e3e30","2026-01-05T23:23:07.963Z","N/A","N/A"
"https://www.clickclickjob.com/jobs/683da14dba2b958c334e3c2a","2026-01-05T23:23:07.732Z","N/A","N/A"
"https://www.clickclickjob.com/jobs/683da14dba2b958c334e3c04","2026-01-05T23:23:07.511Z","N/A","N/A"
"https://www.clickclickjob.com/jobs/683da14fba2b958c334e4002","2026-01-05T23:23:07.284Z","N/A","N/A"
"https://www.clickclickjob.com/jobs/683da14dba2b958c334e3b69","2026-01-05T23:23:07.068Z","N/A","N/A"
"https://www.clickclickjob.com/jobs/683da14eba2b958c334e3e08","2026-01-05T23:23:06.846Z","N/A","N/A"
"https://www.clickclickjob.com/jobs/683da14bba2b958c334e3a99","2026-01-05T23:23:06.632Z","N/A","N/A"
"https://www.clickclickjob.com/jobs/683da14fba2b958c334e3fc8","2026-01-05T23:23:06.415Z","N/A","N/A"
"https://www.clickclickjob.com/jobs/683da14fba2b958c334e3f2f","2026-01-05T23:23:06.189Z","N/A","N/A"
"https://www.clickclickjob.com/jobs/683da14dba2b958c334e3bbf","2026-01-05T23:23:05.971Z","N/A","N/A"
"https://www.clickclickjob.com/jobs/683da150ba2b958c334e4073","2026-01-05T23:23:05.756Z","N/A","N/A"
"https://www.clickclickjob.com/jobs/683da14fba2b958c334e4013","2026-01-05T23:23:05.538Z","N/A","N/A"
"https://www.clickclickjob.com/jobs/683da14dba2b958c334e3bfb","2026-01-05T23:23:05.320Z","N/A","N/A"
"https://www.clickclickjob.com/jobs/683da14fba2b958c334e3f82","2026-01-05T23:23:05.104Z","N/A","N/A"
"https://www.clickclickjob.com/jobs/683da14eba2b958c334e3d72","2026-01-05T23:23:04.888Z","N/A","N/A"
"https://www.clickclickjob.com/jobs/683da14fba2b958c334e3f42","2026-01-05T23:23:04.672Z","N/A","N/A"
"https://www.clickclickjob.com/jobs/683da14dba2b958c334e3bfc","2026-01-05T23:23:04.457Z","N/A","N/A"
"https://www.clickclickjob.com/jobs/683da14fba2b958c334e3fc9","2026-01-05T23:23:04.236Z","N/A","N/A"
"https://www.clickclickjob.com/jobs/683da150ba2b958c334e408d","2026-01-05T23:23:04.023Z","N/A","N/A"
"https://www.clickclickjob.com/jobs/683da14dba2b958c334e3b3c","2026-01-05T23:23:03.812Z","N/A","N/A"
"https://www.clickclickjob.com/jobs/683da14dba2b958c334e3b63","2026-01-05T23:23:03.596Z","N/A","N/A"
"https://www.clickclickjob.com/jobs/683da14fba2b958c334e3f30","2026-01-05T23:23:03.376Z","N/A","N/A"
"https://www.clickclickjob.com/jobs/683da14dba2b958c334e3c00","2026-01-05T23:23:03.159Z","N/A","N/A"
"https://www.clickclickjob.com/jobs/695878fdb51fd39530aee46e","2026-01-05T23:23:02.937Z","N/A","N/A"